president,term,start_date,end_date,approving,disapproving,unsure_no_data,democrats_approving,independents_approving,republicans_approving,poll_source,source_url
Donald J. Trump,2nd term,01/21/2025,01/27/2025,47,48,5,6,46,91,gallup,https://www.presidency.ucsb.edu/statistics/data/donald-j-trump-2nd-term-public-approval
Donald J. Trump,2nd term,02/03/2025,02/14/2025,45,51,4,4,37,93,gallup,https://www.presidency.ucsb.edu/statistics/data/donald-j-trump-2nd-term-public-approval
Donald J. Trump,2nd term,03/03/2025,03/16/2025,43,53,4,4,35,91,gallup,https://www.presidency.ucsb.edu/statistics/data/donald-j-trump-2nd-term-public-approval
Donald J. Trump,2nd term,04/01/2025,04/14/2025,44,53,3,4,37,90,gallup,https://www.presidency.ucsb.edu/statistics/data/donald-j-trump-2nd-term-public-approval
Donald J. Trump,2nd term,5/1/2025,5/18/2025,43,53,4,4,33,90,gallup,https://www.presidency.ucsb.edu/statistics/data/donald-j-trump-2nd-term-public-approval
Donald J. Trump,2nd term,06/03/2025,06/19/2025,40,57,3,1,36,89,gallup,https://www.presidency.ucsb.edu/statistics/data/donald-j-trump-2nd-term-public-approval
Donald J. Trump,2nd term,07/07/2025,07/21/2025,37,58,5,2,29,89,gallup,https://www.presidency.ucsb.edu/statistics/data/donald-j-trump-2nd-term-public-approval
Donald J. Trump,2nd term,08/01/2025,08/20/2025,40,56,4,1,35,93,gallup,https://www.presidency.ucsb.edu/statistics/data/donald-j-trump-2nd-term-public-approval
Donald J. Trump,2nd term,09/02/2025,09/16/2025,40,56,4,2,32,93,gallup,https://www.presidency.ucsb.edu/statistics/data/donald-j-trump-2nd-term-public-approval
Donald J. Trump,2nd term,10/01/2025,10/16/2025,41,54,5,6,33,91,gallup,https://www.presidency.ucsb.edu/statistics/data/donald-j-trump-2nd-term-public-approval
Donald J. Trump,2nd term,11/03/2025,11/25/2025,36,60,4,3,25,84,gallup,https://www.presidency.ucsb.edu/statistics/data/donald-j-trump-2nd-term-public-approval
Donald J. Trump,2nd term,12/01/2025,12/15/2025,36,59,5,3,25,89,gallup,https://www.presidency.ucsb.edu/statistics/data/donald-j-trump-2nd-term-public-approval
Donald J. Trump,2nd term,1/8/2026,1/11/2026,40,59,1,8,31,81,ap-norc,https://www.presidency.ucsb.edu/statistics/data/donald-j-trump-2nd-term-public-approval
Donald J. Trump,2nd term,01/09/2026,01/12/2026,39,61,1,4,29,87,cnn ssrs,https://www.presidency.ucsb.edu/statistics/data/donald-j-trump-2nd-term-public-approval
Donald J. Trump,2nd term,01/12/2026,01/13/2026,38,56,6,8,29,86,marist-usa,https://www.presidency.ucsb.edu/statistics/data/donald-j-trump-2nd-term-public-approval
Donald J. Trump,2nd term,01/27/2026,01/30/2026,39,56,5,8,30,85,marist-npr-pbs,https://www.presidency.ucsb.edu/statistics/data/donald-j-trump-2nd-term-public-approval
Donald J. Trump,2nd term,02/05/2026,02/08/2026,36,62,2,,,,ap-norc,https://www.presidency.ucsb.edu/statistics/data/donald-j-trump-2nd-term-public-approval
Donald J. Trump,2nd term,02/17/2026,02/20/2026,36,63,0,5,26,82,cnn ssrs,https://www.presidency.ucsb.edu/statistics/data/donald-j-trump-2nd-term-public-approval
Donald J. Trump,2nd term,03/02/2026,03/04/2026,38,57,5,5,34,83,marist-npr pbs,https://www.presidency.ucsb.edu/statistics/data/donald-j-trump-2nd-term-public-approval
Donald J. Trump,2nd term,03/16/2026,03/18/2026,37,60,3,,,,verasight,https://www.presidency.ucsb.edu/statistics/data/donald-j-trump-2nd-term-public-approval
Donald J. Trump,2nd term,03/19/2026,03/23/2026,38,60,2,,,,ap-norc,https://www.presidency.ucsb.edu/statistics/data/donald-j-trump-2nd-term-public-approval
Donald J. Trump,2nd term,3/26/2026,3/30/2026,35,67,1,2,26,80,cnn ssrs,https://www.presidency.ucsb.edu/statistics/data/donald-j-trump-2nd-term-public-approval
Donald J. Trump,2nd term,04/16/2026,04/20/2026,33,67,0,,,,ap-norc,https://www.presidency.ucsb.edu/statistics/data/donald-j-trump-2nd-term-public-approval
Donald J. Trump,2nd term,04/20/2026,04/26/2026,34,64,2,,,,pew,https://www.presidency.ucsb.edu/statistics/data/donald-j-trump-2nd-term-public-approval
Donald J. Trump,2nd term,04/24/2026,04/27/2026,34,64,2,4,24,78,ipsos,https://www.presidency.ucsb.edu/statistics/data/donald-j-trump-2nd-term-public-approval
Donald J. Trump,2nd term,04/24/2026,04/28/2026,37,59,4,6,32,81,marist-npr pbs,https://www.presidency.ucsb.edu/statistics/data/donald-j-trump-2nd-term-public-approval
Donald J. Trump,2nd term,04/30/2026,05/04/2026,35,65,0,4,26,79,cnn ssrs,https://www.presidency.ucsb.edu/statistics/data/donald-j-trump-2nd-term-public-approval
Donald J. Trump,2nd term,05/07/2026,05/31/2026,34,55,11,5,25,79,cnn ssrs,https://www.presidency.ucsb.edu/statistics/data/donald-j-trump-2nd-term-public-approval
Donald J. Trump,2nd term,05/15/2026,05/17/2026,35,62,2,4,25,79,ipsos,https://www.presidency.ucsb.edu/statistics/data/donald-j-trump-2nd-term-public-approval
Donald J. Trump,2nd term,06/03/2026,06/08/2026,35,63,2,4,24,79,reuters/ipsos,https://www.presidency.ucsb.edu/statistics/data/donald-j-trump-2nd-term-public-approval
Donald J. Trump,2nd term,06/08/2026,06/11/2026,35,59,6,5,28,80,marist-npr pbs,https://www.presidency.ucsb.edu/statistics/data/donald-j-trump-2nd-term-public-approval
Joseph R. Biden,1st term,1/2/2025,1/15/2025,40,54,6,80,37,4,,https://www.presidency.ucsb.edu/statistics/data/joseph-r-biden-public-approval
Joseph R. Biden,1st term,12/2/2024,12/18/2024,39,56,5,85,37,2,,https://www.presidency.ucsb.edu/statistics/data/joseph-r-biden-public-approval
Joseph R. Biden,1st term,11/6/2024,11/20/2024,37,58,5,80,32,7,,https://www.presidency.ucsb.edu/statistics/data/joseph-r-biden-public-approval
Joseph R. Biden,1st term,10/14/2024,10/27/2024,41,56,3,77,38,6,,https://www.presidency.ucsb.edu/statistics/data/joseph-r-biden-public-approval
Joseph R. Biden,1st term,10/1/2024,10/12/2024,39,56,5,83,33,8,,https://www.presidency.ucsb.edu/statistics/data/joseph-r-biden-public-approval
Joseph R. Biden,1st term,9/16/2024,9/28/2024,45,52,3,83,43,4,,https://www.presidency.ucsb.edu/statistics/data/joseph-r-biden-public-approval
Joseph R. Biden,1st term,9/3/2024,9/15/2024,39,58,3,84,37,3,,https://www.presidency.ucsb.edu/statistics/data/joseph-r-biden-public-approval
Joseph R. Biden,1st term,8/1/2024,8/20/2024,43,53,4,89,37,3,,https://www.presidency.ucsb.edu/statistics/data/joseph-r-biden-public-approval
Joseph R. Biden,1st term,7/1/2024,7/21/2024,36,58,6,81,31,4,,https://www.presidency.ucsb.edu/statistics/data/joseph-r-biden-public-approval
Joseph R. Biden,1st term,6/3/2024,6/23/2024,38,58,4,83,33,5,,https://www.presidency.ucsb.edu/statistics/data/joseph-r-biden-public-approval
Joseph R. Biden,1st term,5/1/2024,5/23/2024,39,56,5,82,34,2,,https://www.presidency.ucsb.edu/statistics/data/joseph-r-biden-public-approval
Joseph R. Biden,1st term,4/1/2024,4/22/2024,38,58,4,83,33,2,,https://www.presidency.ucsb.edu/statistics/data/joseph-r-biden-public-approval
Joseph R. Biden,1st term,3/1/2024,3/20/2024,40,55,5,83,34,7,,https://www.presidency.ucsb.edu/statistics/data/joseph-r-biden-public-approval
Joseph R. Biden,1st term,2/1/2024,2/20/2024,38,59,3,82,32,3,,https://www.presidency.ucsb.edu/statistics/data/joseph-r-biden-public-approval
Joseph R. Biden,1st term,1/2/2024,1/22/2024,41,54,5,83,35,6,,https://www.presidency.ucsb.edu/statistics/data/joseph-r-biden-public-approval
Joseph R. Biden,1st term,12/1/2023,12/20/2023,39,59,2,78,34,5,,https://www.presidency.ucsb.edu/statistics/data/joseph-r-biden-public-approval
Joseph R. Biden,1st term,11/1/2023,11/21/2023,37,59,4,83,27,5,,https://www.presidency.ucsb.edu/statistics/data/joseph-r-biden-public-approval
Joseph R. Biden,1st term,10/2/2023,10/23/2023,37,59,4,75,35,5,,https://www.presidency.ucsb.edu/statistics/data/joseph-r-biden-public-approval
Joseph R. Biden,1st term,9/1/2023,9/23/2023,41,58,1,86,39,5,,https://www.presidency.ucsb.edu/statistics/data/joseph-r-biden-public-approval
Joseph R. Biden,1st term,8/1/2023,8/23/2023,42,53,5,87,39,3,,https://www.presidency.ucsb.edu/statistics/data/joseph-r-biden-public-approval
Joseph R. Biden,1st term,7/3/2023,7/27/2023,40,55,4,86,38,2,,https://www.presidency.ucsb.edu/statistics/data/joseph-r-biden-public-approval
Joseph R. Biden,1st term,6/1/2023,6/22/2023,43,54,3,82,41,6,,https://www.presidency.ucsb.edu/statistics/data/joseph-r-biden-public-approval
Joseph R. Biden,1st term,5/1/2023,5/24/2023,39,57,5,84,33,4,,https://www.presidency.ucsb.edu/statistics/data/joseph-r-biden-public-approval
Joseph R. Biden,1st term,4/3/2023,4/25/2023,37,59,4,83,31,4,,https://www.presidency.ucsb.edu/statistics/data/joseph-r-biden-public-approval
Joseph R. Biden,1st term,3/1/2023,3/23/2023,40,56,4,87,35,3,,https://www.presidency.ucsb.edu/statistics/data/joseph-r-biden-public-approval
Joseph R. Biden,1st term,2/1/2023,2/23/2023,42,54,5,80,40,6,,https://www.presidency.ucsb.edu/statistics/data/joseph-r-biden-public-approval
Joseph R. Biden,1st term,1/2/2023,1/22/2023,41,54,4,81,36,4,,https://www.presidency.ucsb.edu/statistics/data/joseph-r-biden-public-approval
Joseph R. Biden,1st term,11/9/2022,12/2/2022,40,55,5,85,37,6,,https://www.presidency.ucsb.edu/statistics/data/joseph-r-biden-public-approval
Joseph R. Biden,1st term,10/3/2022,10/20/2022,40,56,4,85,39,4,,https://www.presidency.ucsb.edu/statistics/data/joseph-r-biden-public-approval
Joseph R. Biden,1st term,9/1/2022,9/16/2022,42,56,2,86,39,7,,https://www.presidency.ucsb.edu/statistics/data/joseph-r-biden-public-approval
Joseph R. Biden,1st term,8/1/2022,8/23/2022,44,53,3,81,40,4,,https://www.presidency.ucsb.edu/statistics/data/joseph-r-biden-public-approval
Joseph R. Biden,1st term,7/5/2022,7/26/2022,38,59,3,78,31,5,,https://www.presidency.ucsb.edu/statistics/data/joseph-r-biden-public-approval
Joseph R. Biden,1st term,6/1/2022,6/20/2022,41,57,3,85,36,3,,https://www.presidency.ucsb.edu/statistics/data/joseph-r-biden-public-approval
Joseph R. Biden,1st term,5/2/2022,5/22/2022,41,54,5,82,39,3,,https://www.presidency.ucsb.edu/statistics/data/joseph-r-biden-public-approval
Joseph R. Biden,1st term,4/1/2022,4/19/2022,41,56,3,84,35,5,,https://www.presidency.ucsb.edu/statistics/data/joseph-r-biden-public-approval
Joseph R. Biden,1st term,3/1/2022,3/18/2022,42,54,4,84,38,5,,https://www.presidency.ucsb.edu/statistics/data/joseph-r-biden-public-approval
Joseph R. Biden,1st term,2/1/2022,2/17/2022,41,55,4,79,35,7,,https://www.presidency.ucsb.edu/statistics/data/joseph-r-biden-public-approval
Joseph R. Biden,1st term,1/3/2022,1/16/2022,40,56,4,82,32,5,,https://www.presidency.ucsb.edu/statistics/data/joseph-r-biden-public-approval
Joseph R. Biden,1st term,12/1/2021,12/16/2021,43,51,6,78,40,5,,https://www.presidency.ucsb.edu/statistics/data/joseph-r-biden-public-approval
Joseph R. Biden,1st term,11/1/2021,11/16/2021,42,55,3,90,37,6,,https://www.presidency.ucsb.edu/statistics/data/joseph-r-biden-public-approval
Joseph R. Biden,1st term,10/1/2021,10/19/2021,42,52,6,92,34,4,,https://www.presidency.ucsb.edu/statistics/data/joseph-r-biden-public-approval
Joseph R. Biden,1st term,9/1/2021,9/17/2021,43,55,2,90,37,6,,https://www.presidency.ucsb.edu/statistics/data/joseph-r-biden-public-approval
Joseph R. Biden,1st term,8/2/2021,8/17/2021,49,48,3,93,43,7,,https://www.presidency.ucsb.edu/statistics/data/joseph-r-biden-public-approval
Joseph R. Biden,1st term,7/6/2021,7/21/2021,50,45,5,90,47,12,,https://www.presidency.ucsb.edu/statistics/data/joseph-r-biden-public-approval
Joseph R. Biden,1st term,6/1/2021,6/18/2021,56,42,2,95,55,11,,https://www.presidency.ucsb.edu/statistics/data/joseph-r-biden-public-approval
Joseph R. Biden,1st term,5/3/2021,5/18/2021,54,40,6,92,54,8,,https://www.presidency.ucsb.edu/statistics/data/joseph-r-biden-public-approval
Joseph R. Biden,1st term,4/1/2021,4/21/2021,57,40,3,94,58,11,,https://www.presidency.ucsb.edu/statistics/data/joseph-r-biden-public-approval
Joseph R. Biden,1st term,3/1/2021,3/15/2021,54,42,4,94,50,8,,https://www.presidency.ucsb.edu/statistics/data/joseph-r-biden-public-approval
Joseph R. Biden,1st term,2/3/2021,2/18/2021,56,40,4,96,53,12,,https://www.presidency.ucsb.edu/statistics/data/joseph-r-biden-public-approval
Joseph R. Biden,1st term,1/21/2021,2/2/2021,57,37,6,98,61,11,,https://www.presidency.ucsb.edu/statistics/data/joseph-r-biden-public-approval
Donald J. Trump,1st term,01/04/2021,01/15/2021,34,62,4,4,30,82,,https://www.presidency.ucsb.edu/statistics/data/donald-j-trump-public-approval
Donald J. Trump,1st term,12/01/2020,12/17/2020,39,57,4,6,34,87,,https://www.presidency.ucsb.edu/statistics/data/donald-j-trump-public-approval
Donald J. Trump,1st term,11/05/2020,11/19/2020,43,55,2,3,39,90,,https://www.presidency.ucsb.edu/statistics/data/donald-j-trump-public-approval
Donald J. Trump,1st term,09/30/2020,10/27/2020,46,52,2,4,38,94,,https://www.presidency.ucsb.edu/statistics/data/donald-j-trump-public-approval
Donald J. Trump,1st term,08/31/2020,09/28/2020,43,55,2,5,38,93,,https://www.presidency.ucsb.edu/statistics/data/donald-j-trump-public-approval
Donald J. Trump,1st term,07/30/2020,08/12/2020,46,52,2,5,39,90,,https://www.presidency.ucsb.edu/statistics/data/donald-j-trump-public-approval
Donald J. Trump,1st term,07/01/2020,07/23/2020,42,56,2,4,33,91,,https://www.presidency.ucsb.edu/statistics/data/donald-j-trump-public-approval
Donald J. Trump,1st term,05/28/2020,06/30/2020,42,55,3,3,36,88,,https://www.presidency.ucsb.edu/statistics/data/donald-j-trump-public-approval
Donald J. Trump,1st term,05/01/2020,05/13/2020,41,56,3,14,48,92,,https://www.presidency.ucsb.edu/statistics/data/donald-j-trump-public-approval
Donald J. Trump,1st term,04/01/2020,04/28/2020,38,57,5,7,43,93,,https://www.presidency.ucsb.edu/statistics/data/donald-j-trump-public-approval
Donald J. Trump,1st term,03/02/2020,03/22/2020,39,57,4,10,39,92,,https://www.presidency.ucsb.edu/statistics/data/donald-j-trump-public-approval
Donald J. Trump,1st term,02/03/2020,02/28/2020,49,48,3,7,42,93,,https://www.presidency.ucsb.edu/statistics/data/donald-j-trump-public-approval
Donald J. Trump,1st term,01/02/2020,01/29/2020,49,47,4,8,40,92,,https://www.presidency.ucsb.edu/statistics/data/donald-j-trump-public-approval
Donald J. Trump,1st term,12/02/2019,12/15/2019,43,54,3,8,43,89,,https://www.presidency.ucsb.edu/statistics/data/donald-j-trump-public-approval
Donald J. Trump,1st term,11/01/2019,11/14/2019,49,45,6,4,38,90,,https://www.presidency.ucsb.edu/statistics/data/donald-j-trump-public-approval
Donald J. Trump,1st term,10/01/2019,10/31/2019,44,52,4,6,33,88,,https://www.presidency.ucsb.edu/statistics/data/donald-j-trump-public-approval
Donald J. Trump,1st term,09/03/2019,09/30/2019,47,51,2,5,37,89,,https://www.presidency.ucsb.edu/statistics/data/donald-j-trump-public-approval
Donald J. Trump,1st term,08/01/2019,08/30/2019,49,48,3,4,34,88,,https://www.presidency.ucsb.edu/statistics/data/donald-j-trump-public-approval
Donald J. Trump,1st term,07/01/2019,07/31/2019,49,50,1,7,38,89,,https://www.presidency.ucsb.edu/statistics/data/donald-j-trump-public-approval
Donald J. Trump,1st term,06/03/2019,06/30/2019,44,53,3,6,35,89,,https://www.presidency.ucsb.edu/statistics/data/donald-j-trump-public-approval
Donald J. Trump,1st term,05/01/2019,05/30/2019,45,51,4,8,33,89,,https://www.presidency.ucsb.edu/statistics/data/donald-j-trump-public-approval
Donald J. Trump,1st term,04/01/2019,04/30/2019,43,54,3,10,39,90,,https://www.presidency.ucsb.edu/statistics/data/donald-j-trump-public-approval
Donald J. Trump,1st term,03/01/2019,03/10/2019,41,57,2,4,33,90,,https://www.presidency.ucsb.edu/statistics/data/donald-j-trump-public-approval
Donald J. Trump,1st term,02/01/2019,02/28/2019,39,57,4,5,36,90,,https://www.presidency.ucsb.edu/statistics/data/donald-j-trump-public-approval
Donald J. Trump,1st term,01/02/2019,01/27/2019,40,56,4,5,31,88,,https://www.presidency.ucsb.edu/statistics/data/donald-j-trump-public-approval
Donald J. Trump,1st term,11/26/2018,12/23/2018,43,54,3,7,38,88,,https://www.presidency.ucsb.edu/statistics/data/donald-j-trump-public-approval
Donald J. Trump,1st term,10/29/2018,11/25/2018,39,57,4,6,36,89,,https://www.presidency.ucsb.edu/statistics/data/donald-j-trump-public-approval
Donald J. Trump,1st term,10/01/2018,10/28/2018,41,54,5,7,38,89,,https://www.presidency.ucsb.edu/statistics/data/donald-j-trump-public-approval
Donald J. Trump,1st term,08/27/2017,09/30/2018,42,54,4,7,36,87,,https://www.presidency.ucsb.edu/statistics/data/donald-j-trump-public-approval
Donald J. Trump,1st term,07/30/2018,08/26/2017,44,51,5,8,36,86,,https://www.presidency.ucsb.edu/statistics/data/donald-j-trump-public-approval
Donald J. Trump,1st term,07/02/2018,07/29/2018,41,54,5,9,36,87,,https://www.presidency.ucsb.edu/statistics/data/donald-j-trump-public-approval
Donald J. Trump,1st term,05/28/2018,07/01/2018,43,55,2,9,37,88,,https://www.presidency.ucsb.edu/statistics/data/donald-j-trump-public-approval
Donald J. Trump,1st term,04/30/2018,05/27/2018,40,55,5,10,36,87,,https://www.presidency.ucsb.edu/statistics/data/donald-j-trump-public-approval
Donald J. Trump,1st term,04/02/2018,04/29/2018,42,52,6,9,33,86,,https://www.presidency.ucsb.edu/statistics/data/donald-j-trump-public-approval
Donald J. Trump,1st term,02/26/2018,04/01/2018,46,50,4,7,33,85,,https://www.presidency.ucsb.edu/statistics/data/donald-j-trump-public-approval
Donald J. Trump,1st term,01/29/2018,02/25/2018,45,51,4,7,34,87,,https://www.presidency.ucsb.edu/statistics/data/donald-j-trump-public-approval
Donald J. Trump,1st term,12/01/2017,12/31/2017,39,57,4,7,32,80,,https://www.presidency.ucsb.edu/statistics/data/donald-j-trump-public-approval
Donald J. Trump,1st term,11/01/2017,11/30/2017,43,54,3,7,34,81,,https://www.presidency.ucsb.edu/statistics/data/donald-j-trump-public-approval
Donald J. Trump,1st term,10/01/2017,10/31/2017,44,52,4,8,33,79,,https://www.presidency.ucsb.edu/statistics/data/donald-j-trump-public-approval
Donald J. Trump,1st term,09/01/2017,09/30/2017,37,59,4,8,33,81,,https://www.presidency.ucsb.edu/statistics/data/donald-j-trump-public-approval
Donald J. Trump,1st term,08/01/2017,08/31/2017,37,59,4,7,30,79,,https://www.presidency.ucsb.edu/statistics/data/donald-j-trump-public-approval
Donald J. Trump,1st term,07/01/2017,07/31/2017,39,55,6,8,33,85,,https://www.presidency.ucsb.edu/statistics/data/donald-j-trump-public-approval
Donald J. Trump,1st term,06/01/2017,06/30/2017,38,57,5,7,33,84,,https://www.presidency.ucsb.edu/statistics/data/donald-j-trump-public-approval
Donald J. Trump,1st term,05/01/2017,05/31/2017,40,56,4,8,36,84,,https://www.presidency.ucsb.edu/statistics/data/donald-j-trump-public-approval
Donald J. Trump,1st term,04/01/2017,04/30/2017,40,56,4,9,36,86,,https://www.presidency.ucsb.edu/statistics/data/donald-j-trump-public-approval
Donald J. Trump,1st term,03/01/2017,03/31/2017,38,60,2,9,35,86,,https://www.presidency.ucsb.edu/statistics/data/donald-j-trump-public-approval
Donald J. Trump,1st term,02/01/2017,02/28/2017,43,53,4,9,38,87,,https://www.presidency.ucsb.edu/statistics/data/donald-j-trump-public-approval
Donald J. Trump,1st term,01/20/2017,01/31/2017,38,56,6,12,42,88,,https://www.presidency.ucsb.edu/statistics/data/donald-j-trump-public-approval
Barack Obama,1st term,01/16/2017,01/19/2017,59,37,4,95,61,14,,https://www.presidency.ucsb.edu/statistics/data/barack-obama-public-approval
Barack Obama,1st term,01/09/2017,01/15/2017,57,39,4,93,56,17,,https://www.presidency.ucsb.edu/statistics/data/barack-obama-public-approval
Barack Obama,1st term,01/02/2017,01/08/2017,55,42,3,92,56,15,,https://www.presidency.ucsb.edu/statistics/data/barack-obama-public-approval
Barack Obama,1st term,12/26/2016,01/01/2017,55,40,5,90,57,14,,https://www.presidency.ucsb.edu/statistics/data/barack-obama-public-approval
Barack Obama,1st term,12/19/2016,12/25/2016,56,40,4,92,58,16,,https://www.presidency.ucsb.edu/statistics/data/barack-obama-public-approval
Barack Obama,1st term,12/12/2016,12/18/2016,56,40,4,92,57,15,,https://www.presidency.ucsb.edu/statistics/data/barack-obama-public-approval
Barack Obama,1st term,12/05/2016,12/11/2016,57,40,3,92,61,16,,https://www.presidency.ucsb.edu/statistics/data/barack-obama-public-approval
Barack Obama,1st term,11/28/2016,12/04/2016,54,43,3,92,53,15,,https://www.presidency.ucsb.edu/statistics/data/barack-obama-public-approval
Barack Obama,1st term,11/21/2016,11/27/2016,56,40,4,93,55,15,,https://www.presidency.ucsb.edu/statistics/data/barack-obama-public-approval
Barack Obama,1st term,11/14/2016,11/20/2016,56,41,3,93,60,15,,https://www.presidency.ucsb.edu/statistics/data/barack-obama-public-approval
Barack Obama,1st term,11/07/2016,11/13/2016,57,41,2,93,58,14,,https://www.presidency.ucsb.edu/statistics/data/barack-obama-public-approval
Barack Obama,1st term,10/31/2016,11/06/2016,53,45,2,91,53,11,,https://www.presidency.ucsb.edu/statistics/data/barack-obama-public-approval
Barack Obama,1st term,10/24/2016,10/30/2016,54,44,2,90,53,12,,https://www.presidency.ucsb.edu/statistics/data/barack-obama-public-approval
Barack Obama,1st term,10/17/2016,10/23/2016,55,42,3,94,52,14,,https://www.presidency.ucsb.edu/statistics/data/barack-obama-public-approval
Barack Obama,1st term,10/10/2016,10/16/2016,54,43,3,91,54,13,,https://www.presidency.ucsb.edu/statistics/data/barack-obama-public-approval
Barack Obama,1st term,10/03/2016,10/09/2016,52,45,3,91,52,15,,https://www.presidency.ucsb.edu/statistics/data/barack-obama-public-approval
Barack Obama,1st term,09/26/2016,10/02/2016,53,44,3,89,52,11,,https://www.presidency.ucsb.edu/statistics/data/barack-obama-public-approval
Barack Obama,1st term,09/19/2016,09/25/2016,53,43,4,92,51,12,,https://www.presidency.ucsb.edu/statistics/data/barack-obama-public-approval
Barack Obama,1st term,09/12/2016,09/18/2016,52,44,4,89,50,13,,https://www.presidency.ucsb.edu/statistics/data/barack-obama-public-approval
Barack Obama,1st term,09/05/2016,09/11/2016,51,45,4,91,49,10,,https://www.presidency.ucsb.edu/statistics/data/barack-obama-public-approval
Barack Obama,1st term,08/29/2016,09/04/2016,52,44,4,90,51,11,,https://www.presidency.ucsb.edu/statistics/data/barack-obama-public-approval
Barack Obama,1st term,08/22/2016,08/28/2016,51,45,4,91,49,11,,https://www.presidency.ucsb.edu/statistics/data/barack-obama-public-approval
Barack Obama,1st term,08/15/2016,08/21/2016,51,44,5,89,49,11,,https://www.presidency.ucsb.edu/statistics/data/barack-obama-public-approval
Barack Obama,1st term,08/08/2016,08/14/2016,52,44,4,90,50,9,,https://www.presidency.ucsb.edu/statistics/data/barack-obama-public-approval
Barack Obama,1st term,08/01/2016,08/07/2016,52,45,3,90,50,11,,https://www.presidency.ucsb.edu/statistics/data/barack-obama-public-approval
Barack Obama,1st term,07/25/2016,07/31/2016,53,44,3,91,52,9,,https://www.presidency.ucsb.edu/statistics/data/barack-obama-public-approval
Barack Obama,1st term,07/18/2016,07/24/2016,49,47,4,90,46,12,,https://www.presidency.ucsb.edu/statistics/data/barack-obama-public-approval
Barack Obama,1st term,07/11/2016,07/17/2016,49,46,5,88,47,11,,https://www.presidency.ucsb.edu/statistics/data/barack-obama-public-approval
Barack Obama,1st term,07/04/2016,07/10/2016,51,45,4,90,48,9,,https://www.presidency.ucsb.edu/statistics/data/barack-obama-public-approval
Barack Obama,1st term,06/27/2016,07/03/2016,51,45,4,88,47,12,,https://www.presidency.ucsb.edu/statistics/data/barack-obama-public-approval
Barack Obama,1st term,06/20/2016,06/26/2016,50,46,4,88,47,11,,https://www.presidency.ucsb.edu/statistics/data/barack-obama-public-approval
Barack Obama,1st term,06/13/2016,06/19/2016,53,44,3,89,50,12,,https://www.presidency.ucsb.edu/statistics/data/barack-obama-public-approval
Barack Obama,1st term,06/06/2016,06/12/2016,53,43,4,89,51,13,,https://www.presidency.ucsb.edu/statistics/data/barack-obama-public-approval
Barack Obama,1st term,05/30/2016,06/05/2016,51,44,5,88,50,11,,https://www.presidency.ucsb.edu/statistics/data/barack-obama-public-approval
Barack Obama,1st term,05/23/2016,05/29/2016,52,44,4,86,50,12,,https://www.presidency.ucsb.edu/statistics/data/barack-obama-public-approval
Barack Obama,1st term,05/16/2016,05/22/2016,51,45,4,88,50,12,,https://www.presidency.ucsb.edu/statistics/data/barack-obama-public-approval
Barack Obama,1st term,05/09/2016,05/15/2016,51,45,4,86,48,12,,https://www.presidency.ucsb.edu/statistics/data/barack-obama-public-approval
Barack Obama,1st term,05/02/2016,05/08/2016,52,44,4,88,47,15,,https://www.presidency.ucsb.edu/statistics/data/barack-obama-public-approval
Barack Obama,1st term,04/25/2016,05/01/2016,51,46,3,86,49,14,,https://www.presidency.ucsb.edu/statistics/data/barack-obama-public-approval
Barack Obama,1st term,04/18/2016,04/24/2016,51,45,4,87,51,13,,https://www.presidency.ucsb.edu/statistics/data/barack-obama-public-approval
Barack Obama,1st term,04/11/2016,04/17/2016,48,47,5,84,48,9,,https://www.presidency.ucsb.edu/statistics/data/barack-obama-public-approval
Barack Obama,1st term,04/04/2016,04/10/2016,51,45,4,86,51,11,,https://www.presidency.ucsb.edu/statistics/data/barack-obama-public-approval
Barack Obama,1st term,03/28/2016,04/03/2016,51,45,4,88,48,13,,https://www.presidency.ucsb.edu/statistics/data/barack-obama-public-approval
Barack Obama,1st term,03/21/2016,03/27/2016,53,44,3,89,50,12,,https://www.presidency.ucsb.edu/statistics/data/barack-obama-public-approval
Barack Obama,1st term,03/14/2016,03/20/2016,50,46,4,88,48,10,,https://www.presidency.ucsb.edu/statistics/data/barack-obama-public-approval
Barack Obama,1st term,03/07/2016,03/13/2016,51,45,4,87,50,11,,https://www.presidency.ucsb.edu/statistics/data/barack-obama-public-approval
Barack Obama,1st term,02/29/2016,03/06/2016,50,46,4,87,45,11,,https://www.presidency.ucsb.edu/statistics/data/barack-obama-public-approval
Barack Obama,1st term,02/22/2016,02/28/2016,48,47,5,84,45,8,,https://www.presidency.ucsb.edu/statistics/data/barack-obama-public-approval
Barack Obama,1st term,02/15/2016,02/21/2016,48,48,4,85,47,8,,https://www.presidency.ucsb.edu/statistics/data/barack-obama-public-approval
Barack Obama,1st term,02/08/2016,02/14/2016,48,48,4,85,46,10,,https://www.presidency.ucsb.edu/statistics/data/barack-obama-public-approval
Barack Obama,1st term,02/01/2016,02/07/2016,47,50,3,86,42,9,,https://www.presidency.ucsb.edu/statistics/data/barack-obama-public-approval
Barack Obama,1st term,01/25/2016,01/31/2016,48,48,4,86,47,11,,https://www.presidency.ucsb.edu/statistics/data/barack-obama-public-approval
Barack Obama,1st term,01/18/2016,01/24/2016,48,47,5,85,47,10,,https://www.presidency.ucsb.edu/statistics/data/barack-obama-public-approval
Barack Obama,1st term,01/11/2016,01/17/2016,48,47,5,86,43,11,,https://www.presidency.ucsb.edu/statistics/data/barack-obama-public-approval
Barack Obama,1st term,01/04/2016,01/10/2016,47,49,4,84,42,10,,https://www.presidency.ucsb.edu/statistics/data/barack-obama-public-approval
Barack Obama,1st term,12/28/2015,01/03/2016,45,52,3,81,42,10,,https://www.presidency.ucsb.edu/statistics/data/barack-obama-public-approval
Barack Obama,1st term,12/21/2015,12/27/2015,48,49,3,83,45,9,,https://www.presidency.ucsb.edu/statistics/data/barack-obama-public-approval
Barack Obama,1st term,12/14/2015,12/20/2015,45,51,4,81,42,10,,https://www.presidency.ucsb.edu/statistics/data/barack-obama-public-approval
Barack Obama,1st term,12/07/2015,12/13/2015,45,50,5,82,41,10,,https://www.presidency.ucsb.edu/statistics/data/barack-obama-public-approval
Barack Obama,1st term,11/30/2015,12/06/2015,47,49,4,85,45,8,,https://www.presidency.ucsb.edu/statistics/data/barack-obama-public-approval
Barack Obama,1st term,11/23/2015,11/29/2015,46,49,5,83,44,7,,https://www.presidency.ucsb.edu/statistics/data/barack-obama-public-approval
Barack Obama,1st term,11/16/2015,11/22/2015,44,52,4,84,40,8,,https://www.presidency.ucsb.edu/statistics/data/barack-obama-public-approval
Barack Obama,1st term,11/09/2015,11/15/2015,49,47,4,85,46,10,,https://www.presidency.ucsb.edu/statistics/data/barack-obama-public-approval
Barack Obama,1st term,11/02/2015,11/08/2015,49,48,3,85,46,10,,https://www.presidency.ucsb.edu/statistics/data/barack-obama-public-approval
Barack Obama,1st term,10/26/2015,11/01/2015,47,49,4,84,43,12,,https://www.presidency.ucsb.edu/statistics/data/barack-obama-public-approval
Barack Obama,1st term,10/19/2015,10/25/2015,46,50,4,83,43,10,,https://www.presidency.ucsb.edu/statistics/data/barack-obama-public-approval
Barack Obama,1st term,10/12/2015,10/18/2015,46,50,4,82,43,10,,https://www.presidency.ucsb.edu/statistics/data/barack-obama-public-approval
Barack Obama,1st term,10/05/2015,10/11/2015,46,50,4,82,43,10,,https://www.presidency.ucsb.edu/statistics/data/barack-obama-public-approval
Barack Obama,1st term,09/28/2015,10/04/2015,47,49,4,82,47,10,,https://www.presidency.ucsb.edu/statistics/data/barack-obama-public-approval
Barack Obama,1st term,09/21/2015,09/27/2015,48,49,3,83,47,10,,https://www.presidency.ucsb.edu/statistics/data/barack-obama-public-approval
Barack Obama,1st term,09/14/2015,09/20/2015,46,51,3,86,43,9,,https://www.presidency.ucsb.edu/statistics/data/barack-obama-public-approval
Barack Obama,1st term,09/07/2015,09/13/2015,46,49,5,81,47,10,,https://www.presidency.ucsb.edu/statistics/data/barack-obama-public-approval
Barack Obama,1st term,08/31/2015,09/06/2015,46,50,4,81,46,10,,https://www.presidency.ucsb.edu/statistics/data/barack-obama-public-approval
Barack Obama,1st term,08/24/2015,08/30/2015,46,50,4,84,42,8,,https://www.presidency.ucsb.edu/statistics/data/barack-obama-public-approval
Barack Obama,1st term,08/17/2015,08/23/2015,44,51,5,81,43,11,,https://www.presidency.ucsb.edu/statistics/data/barack-obama-public-approval
Barack Obama,1st term,08/10/2015,08/16/2015,46,49,5,84,43,11,,https://www.presidency.ucsb.edu/statistics/data/barack-obama-public-approval
Barack Obama,1st term,08/03/2015,08/09/2015,46,50,4,83,45,9,,https://www.presidency.ucsb.edu/statistics/data/barack-obama-public-approval
Barack Obama,1st term,07/27/2015,08/02/2015,46,49,5,85,45,10,,https://www.presidency.ucsb.edu/statistics/data/barack-obama-public-approval
Barack Obama,1st term,07/20/2015,07/26/2015,46,50,4,83,43,8,,https://www.presidency.ucsb.edu/statistics/data/barack-obama-public-approval
Barack Obama,1st term,07/13/2015,07/19/2015,46,48,6,82,44,9,,https://www.presidency.ucsb.edu/statistics/data/barack-obama-public-approval
Barack Obama,1st term,07/06/2015,07/12/2015,46,49,5,80,44,12,,https://www.presidency.ucsb.edu/statistics/data/barack-obama-public-approval
Barack Obama,1st term,06/29/2015,07/05/2015,46,49,5,81,40,9,,https://www.presidency.ucsb.edu/statistics/data/barack-obama-public-approval
Barack Obama,1st term,06/22/2015,06/28/2015,47,49,4,82,45,10,,https://www.presidency.ucsb.edu/statistics/data/barack-obama-public-approval
Barack Obama,1st term,06/15/2015,06/21/2015,45,50,5,80,41,10,,https://www.presidency.ucsb.edu/statistics/data/barack-obama-public-approval
Barack Obama,1st term,06/08/2015,06/14/2015,45,49,6,84,41,9,,https://www.presidency.ucsb.edu/statistics/data/barack-obama-public-approval
Barack Obama,1st term,06/01/2015,06/07/2015,46,49,5,79,43,13,,https://www.presidency.ucsb.edu/statistics/data/barack-obama-public-approval
Barack Obama,1st term,05/25/2015,05/31/2015,47,49,4,81,42,10,,https://www.presidency.ucsb.edu/statistics/data/barack-obama-public-approval
Barack Obama,1st term,05/18/2015,05/24/2015,46,49,5,83,42,12,,https://www.presidency.ucsb.edu/statistics/data/barack-obama-public-approval
Barack Obama,1st term,05/11/2015,05/17/2015,47,49,4,83,42,12,,https://www.presidency.ucsb.edu/statistics/data/barack-obama-public-approval
Barack Obama,1st term,05/04/2015,05/10/2015,47,48,5,83,43,11,,https://www.presidency.ucsb.edu/statistics/data/barack-obama-public-approval
Barack Obama,1st term,04/27/2015,05/03/2015,48,48,4,81,40,8,,https://www.presidency.ucsb.edu/statistics/data/barack-obama-public-approval
Barack Obama,1st term,04/20/2015,04/26/2015,45,49,6,81,41,9,,https://www.presidency.ucsb.edu/statistics/data/barack-obama-public-approval
Barack Obama,1st term,04/13/2015,04/19/2015,46,50,4,85,45,10,,https://www.presidency.ucsb.edu/statistics/data/barack-obama-public-approval
Barack Obama,1st term,04/06/2015,04/12/2015,48,48,4,84,43,8,,https://www.presidency.ucsb.edu/statistics/data/barack-obama-public-approval
Barack Obama,1st term,03/30/2015,04/05/2015,47,48,5,83,42,12,,https://www.presidency.ucsb.edu/statistics/data/barack-obama-public-approval
Barack Obama,1st term,03/23/2015,03/29/2015,46,49,5,81,41,10,,https://www.presidency.ucsb.edu/statistics/data/barack-obama-public-approval
Barack Obama,1st term,03/16/2015,03/22/2015,45,50,5,81,44,11,,https://www.presidency.ucsb.edu/statistics/data/barack-obama-public-approval
Barack Obama,1st term,03/09/2015,03/15/2015,47,48,5,81,44,8,,https://www.presidency.ucsb.edu/statistics/data/barack-obama-public-approval
Barack Obama,1st term,03/02/2015,03/08/2015,46,49,5,81,40,10,,https://www.presidency.ucsb.edu/statistics/data/barack-obama-public-approval
Barack Obama,1st term,02/23/2015,03/01/2015,45,50,5,82,41,12,,https://www.presidency.ucsb.edu/statistics/data/barack-obama-public-approval
Barack Obama,1st term,02/16/2015,02/22/2015,46,49,5,84,44,10,,https://www.presidency.ucsb.edu/statistics/data/barack-obama-public-approval
Barack Obama,1st term,02/09/2015,02/15/2015,47,48,5,83,42,10,,https://www.presidency.ucsb.edu/statistics/data/barack-obama-public-approval
Barack Obama,1st term,02/02/2015,02/08/2015,46,49,5,82,45,11,,https://www.presidency.ucsb.edu/statistics/data/barack-obama-public-approval
Barack Obama,1st term,01/26/2015,02/01/2015,47,48,5,83,46,14,,https://www.presidency.ucsb.edu/statistics/data/barack-obama-public-approval
Barack Obama,1st term,01/19/2015,01/25/2015,49,47,4,83,43,10,,https://www.presidency.ucsb.edu/statistics/data/barack-obama-public-approval
Barack Obama,1st term,01/12/2015,01/18/2015,46,49,5,81,40,8,,https://www.presidency.ucsb.edu/statistics/data/barack-obama-public-approval
Barack Obama,1st term,01/05/2015,01/11/2015,46,48,6,81,40,8,,https://www.presidency.ucsb.edu/statistics/data/barack-obama-public-approval
Barack Obama,1st term,12/29/2014,01/04/2015,46,48,6,82,44,10,,https://www.presidency.ucsb.edu/statistics/data/barack-obama-public-approval
Barack Obama,1st term,12/22/2014,12/28/2014,44,50,6,79,41,12,,https://www.presidency.ucsb.edu/statistics/data/barack-obama-public-approval
Barack Obama,1st term,12/15/2014,12/21/2014,45,51,4,79,43,9,,https://www.presidency.ucsb.edu/statistics/data/barack-obama-public-approval
Barack Obama,1st term,12/08/2014,12/14/2014,43,52,5,83,38,6,,https://www.presidency.ucsb.edu/statistics/data/barack-obama-public-approval
Barack Obama,1st term,12/01/2014,12/07/2014,43,52,5,76,40,10,,https://www.presidency.ucsb.edu/statistics/data/barack-obama-public-approval
Barack Obama,1st term,11/24/2014,11/30/2014,43,52,5,80,36,9,,https://www.presidency.ucsb.edu/statistics/data/barack-obama-public-approval
Barack Obama,1st term,11/17/2014,11/23/2014,42,53,5,81,39,9,,https://www.presidency.ucsb.edu/statistics/data/barack-obama-public-approval
Barack Obama,1st term,11/10/2014,11/16/2014,42,52,6,77,39,9,,https://www.presidency.ucsb.edu/statistics/data/barack-obama-public-approval
Barack Obama,1st term,11/03/2014,11/09/2014,40,54,6,78,36,9,,https://www.presidency.ucsb.edu/statistics/data/barack-obama-public-approval
Barack Obama,1st term,10/27/2014,11/02/2014,42,53,5,80,35,9,,https://www.presidency.ucsb.edu/statistics/data/barack-obama-public-approval
Barack Obama,1st term,10/20/2014,10/26/2014,42,53,5,78,37,6,,https://www.presidency.ucsb.edu/statistics/data/barack-obama-public-approval
Barack Obama,1st term,10/13/2014,10/19/2014,41,54,5,79,34,7,,https://www.presidency.ucsb.edu/statistics/data/barack-obama-public-approval
Barack Obama,1st term,10/06/2014,10/12/2014,41,55,4,77,37,7,,https://www.presidency.ucsb.edu/statistics/data/barack-obama-public-approval
Barack Obama,1st term,09/29/2014,10/05/2014,43,53,4,78,40,7,,https://www.presidency.ucsb.edu/statistics/data/barack-obama-public-approval
Barack Obama,1st term,09/22/2014,09/28/2014,42,52,6,82,36,8,,https://www.presidency.ucsb.edu/statistics/data/barack-obama-public-approval
Barack Obama,1st term,09/15/2014,09/21/2014,43,52,5,79,37,9,,https://www.presidency.ucsb.edu/statistics/data/barack-obama-public-approval
Barack Obama,1st term,09/08/2014,09/14/2014,41,54,5,76,36,9,,https://www.presidency.ucsb.edu/statistics/data/barack-obama-public-approval
Barack Obama,1st term,09/01/2014,09/07/2014,40,53,7,79,34,8,,https://www.presidency.ucsb.edu/statistics/data/barack-obama-public-approval
Barack Obama,1st term,08/25/2014,08/31/2014,41,53,6,77,35,7,,https://www.presidency.ucsb.edu/statistics/data/barack-obama-public-approval
Barack Obama,1st term,08/18/2014,08/24/2014,43,51,6,76,38,10,,https://www.presidency.ucsb.edu/statistics/data/barack-obama-public-approval
Barack Obama,1st term,08/11/2014,08/17/2014,41,53,6,80,34,7,,https://www.presidency.ucsb.edu/statistics/data/barack-obama-public-approval
Barack Obama,1st term,08/04/2014,08/10/2014,42,53,5,81,33,10,,https://www.presidency.ucsb.edu/statistics/data/barack-obama-public-approval
Barack Obama,1st term,07/28/2014,08/03/2014,42,54,4,81,35,10,,https://www.presidency.ucsb.edu/statistics/data/barack-obama-public-approval
Barack Obama,1st term,07/21/2014,07/27/2014,41,53,6,79,34,10,,https://www.presidency.ucsb.edu/statistics/data/barack-obama-public-approval
Barack Obama,1st term,07/14/2014,07/20/2014,43,51,6,81,36,10,,https://www.presidency.ucsb.edu/statistics/data/barack-obama-public-approval
Barack Obama,1st term,07/07/2014,07/13/2014,42,53,5,79,36,9,,https://www.presidency.ucsb.edu/statistics/data/barack-obama-public-approval
Barack Obama,1st term,06/30/2014,07/06/2014,43,52,5,81,38,10,,https://www.presidency.ucsb.edu/statistics/data/barack-obama-public-approval
Barack Obama,1st term,06/23/2014,06/29/2014,42,52,6,78,37,10,,https://www.presidency.ucsb.edu/statistics/data/barack-obama-public-approval
Barack Obama,1st term,06/16/2014,06/22/2014,41,55,4,76,35,9,,https://www.presidency.ucsb.edu/statistics/data/barack-obama-public-approval
Barack Obama,1st term,06/09/2014,06/15/2014,42,52,6,78,34,9,,https://www.presidency.ucsb.edu/statistics/data/barack-obama-public-approval
Barack Obama,1st term,06/02/2014,06/08/2014,44,50,6,80,38,10,,https://www.presidency.ucsb.edu/statistics/data/barack-obama-public-approval
Barack Obama,1st term,05/26/2014,06/01/2014,44,51,5,79,38,10,,https://www.presidency.ucsb.edu/statistics/data/barack-obama-public-approval
Barack Obama,1st term,05/19/2014,05/25/2014,43,52,5,81,38,8,,https://www.presidency.ucsb.edu/statistics/data/barack-obama-public-approval
Barack Obama,1st term,05/12/2014,05/18/2014,44,51,5,82,37,10,,https://www.presidency.ucsb.edu/statistics/data/barack-obama-public-approval
Barack Obama,1st term,05/05/2014,05/11/2014,45,50,5,81,39,8,,https://www.presidency.ucsb.edu/statistics/data/barack-obama-public-approval
Barack Obama,1st term,04/28/2014,05/04/2014,44,50,6,80,40,10,,https://www.presidency.ucsb.edu/statistics/data/barack-obama-public-approval
Barack Obama,1st term,04/21/2014,04/27/2014,44,50,6,79,42,8,,https://www.presidency.ucsb.edu/statistics/data/barack-obama-public-approval
Barack Obama,1st term,04/14/2014,04/20/2014,44,50,6,80,38,10,,https://www.presidency.ucsb.edu/statistics/data/barack-obama-public-approval
Barack Obama,1st term,04/07/2014,04/13/2014,43,51,6,80,35,9,,https://www.presidency.ucsb.edu/statistics/data/barack-obama-public-approval
Barack Obama,1st term,03/31/2014,04/06/2014,44,51,5,81,38,11,,https://www.presidency.ucsb.edu/statistics/data/barack-obama-public-approval
Barack Obama,1st term,03/24/2014,03/30/2014,43,52,5,82,37,9,,https://www.presidency.ucsb.edu/statistics/data/barack-obama-public-approval
Barack Obama,1st term,03/17/2014,03/23/2014,44,51,5,78,40,10,,https://www.presidency.ucsb.edu/statistics/data/barack-obama-public-approval
Barack Obama,1st term,03/10/2014,03/16/2014,40,54,6,78,31,8,,https://www.presidency.ucsb.edu/statistics/data/barack-obama-public-approval
Barack Obama,1st term,03/03/2014,03/09/2014,43,53,4,80,36,8,,https://www.presidency.ucsb.edu/statistics/data/barack-obama-public-approval
Barack Obama,1st term,02/24/2014,03/02/2014,42,54,4,79,37,9,,https://www.presidency.ucsb.edu/statistics/data/barack-obama-public-approval
Barack Obama,1st term,02/17/2014,02/23/2014,45,51,4,81,38,9,,https://www.presidency.ucsb.edu/statistics/data/barack-obama-public-approval
Barack Obama,1st term,02/10/2014,02/16/2014,40,53,7,75,32,9,,https://www.presidency.ucsb.edu/statistics/data/barack-obama-public-approval
Barack Obama,1st term,02/03/2014,02/09/2014,41,51,8,79,33,12,,https://www.presidency.ucsb.edu/statistics/data/barack-obama-public-approval
Barack Obama,1st term,01/27/2014,02/02/2014,42,50,8,77,34,12,,https://www.presidency.ucsb.edu/statistics/data/barack-obama-public-approval
Barack Obama,1st term,01/20/2014,01/26/2014,42,50,8,75,36,9,,https://www.presidency.ucsb.edu/statistics/data/barack-obama-public-approval
Barack Obama,1st term,01/13/2014,01/19/2014,40,52,8,75,32,11,,https://www.presidency.ucsb.edu/statistics/data/barack-obama-public-approval
Barack Obama,1st term,01/06/2014,01/12/2014,41,51,8,77,35,11,,https://www.presidency.ucsb.edu/statistics/data/barack-obama-public-approval
Barack Obama,1st term,01/02/2014,01/05/2014,41,53,6,78,35,7,,https://www.presidency.ucsb.edu/statistics/data/barack-obama-public-approval
Barack Obama,1st term,12/23/2013,12/29/2013,43,51,6,81,32,11,,https://www.presidency.ucsb.edu/statistics/data/barack-obama-public-approval
Barack Obama,1st term,12/16/2013,12/22/2013,40,52,8,77,31,10,,https://www.presidency.ucsb.edu/statistics/data/barack-obama-public-approval
Barack Obama,1st term,12/09/2013,12/15/2013,42,50,8,77,35,8,,https://www.presidency.ucsb.edu/statistics/data/barack-obama-public-approval
Barack Obama,1st term,12/02/2013,12/08/2013,41,51,8,77,35,9,,https://www.presidency.ucsb.edu/statistics/data/barack-obama-public-approval
Barack Obama,1st term,11/25/2013,12/01/2013,42,52,6,77,35,8,,https://www.presidency.ucsb.edu/statistics/data/barack-obama-public-approval
Barack Obama,1st term,11/18/2013,11/24/2013,40,53,7,77,33,7,,https://www.presidency.ucsb.edu/statistics/data/barack-obama-public-approval
Barack Obama,1st term,11/11/2013,11/17/2013,41,52,7,76,36,9,,https://www.presidency.ucsb.edu/statistics/data/barack-obama-public-approval
Barack Obama,1st term,11/04/2013,11/10/2013,41,52,7,80,34,8,,https://www.presidency.ucsb.edu/statistics/data/barack-obama-public-approval
Barack Obama,1st term,10/28/2013,11/03/2013,41,52,7,80,32,8,,https://www.presidency.ucsb.edu/statistics/data/barack-obama-public-approval
Barack Obama,1st term,10/21/2013,10/27/2013,43,50,7,80,36,10,,https://www.presidency.ucsb.edu/statistics/data/barack-obama-public-approval
Barack Obama,1st term,10/14/2013,10/20/2013,43,51,6,81,36,9,,https://www.presidency.ucsb.edu/statistics/data/barack-obama-public-approval
Barack Obama,1st term,10/07/2013,10/13/2013,42,52,6,80,33,9,,https://www.presidency.ucsb.edu/statistics/data/barack-obama-public-approval
Barack Obama,1st term,09/30/2013,10/06/2013,44,50,6,81,36,9,,https://www.presidency.ucsb.edu/statistics/data/barack-obama-public-approval
Barack Obama,1st term,09/23/2013,09/29/2013,45,48,7,81,36,11,,https://www.presidency.ucsb.edu/statistics/data/barack-obama-public-approval
Barack Obama,1st term,09/16/2013,09/22/2013,44,47,9,78,38,12,,https://www.presidency.ucsb.edu/statistics/data/barack-obama-public-approval
Barack Obama,1st term,09/09/2013,09/15/2013,45,46,9,79,38,12,,https://www.presidency.ucsb.edu/statistics/data/barack-obama-public-approval
Barack Obama,1st term,09/02/2013,09/08/2013,44,48,8,78,36,13,,https://www.presidency.ucsb.edu/statistics/data/barack-obama-public-approval
Barack Obama,1st term,08/26/2013,09/01/2013,44,48,8,82,38,12,,https://www.presidency.ucsb.edu/statistics/data/barack-obama-public-approval
Barack Obama,1st term,08/19/2013,08/25/2013,46,46,8,83,39,13,,https://www.presidency.ucsb.edu/statistics/data/barack-obama-public-approval
Barack Obama,1st term,08/12/2013,08/18/2013,46,45,9,80,41,11,,https://www.presidency.ucsb.edu/statistics/data/barack-obama-public-approval
Barack Obama,1st term,08/05/2013,08/11/2013,44,48,8,80,37,13,,https://www.presidency.ucsb.edu/statistics/data/barack-obama-public-approval
Barack Obama,1st term,07/29/2013,08/04/2013,45,48,7,81,38,8,,https://www.presidency.ucsb.edu/statistics/data/barack-obama-public-approval
Barack Obama,1st term,07/22/2013,07/28/2013,46,47,7,83,35,11,,https://www.presidency.ucsb.edu/statistics/data/barack-obama-public-approval
Barack Obama,1st term,07/15/2013,07/21/2013,47,46,7,84,39,14,,https://www.presidency.ucsb.edu/statistics/data/barack-obama-public-approval
Barack Obama,1st term,07/08/2013,07/14/2013,46,47,7,81,39,10,,https://www.presidency.ucsb.edu/statistics/data/barack-obama-public-approval
Barack Obama,1st term,07/01/2013,07/07/2013,46,46,8,81,39,14,,https://www.presidency.ucsb.edu/statistics/data/barack-obama-public-approval
Barack Obama,1st term,06/24/2013,06/30/2013,47,45,8,82,39,12,,https://www.presidency.ucsb.edu/statistics/data/barack-obama-public-approval
Barack Obama,1st term,06/17/2013,06/23/2013,46,46,8,81,38,13,,https://www.presidency.ucsb.edu/statistics/data/barack-obama-public-approval
Barack Obama,1st term,06/10/2013,06/16/2013,47,46,7,82,42,13,,https://www.presidency.ucsb.edu/statistics/data/barack-obama-public-approval
Barack Obama,1st term,06/03/2013,06/09/2013,48,45,7,84,44,11,,https://www.presidency.ucsb.edu/statistics/data/barack-obama-public-approval
Barack Obama,1st term,05/27/2013,06/02/2013,48,44,8,83,46,14,,https://www.presidency.ucsb.edu/statistics/data/barack-obama-public-approval
Barack Obama,1st term,05/20/2013,05/26/2013,49,44,7,82,44,16,,https://www.presidency.ucsb.edu/statistics/data/barack-obama-public-approval
Barack Obama,1st term,05/13/2013,05/19/2013,49,44,7,86,46,10,,https://www.presidency.ucsb.edu/statistics/data/barack-obama-public-approval
Barack Obama,1st term,05/06/2013,05/12/2013,49,44,7,84,45,15,,https://www.presidency.ucsb.edu/statistics/data/barack-obama-public-approval
Barack Obama,1st term,04/29/2013,05/05/2013,50,44,6,86,42,18,,https://www.presidency.ucsb.edu/statistics/data/barack-obama-public-approval
Barack Obama,1st term,04/22/2013,04/28/2013,51,42,7,88,45,15,,https://www.presidency.ucsb.edu/statistics/data/barack-obama-public-approval
Barack Obama,1st term,04/15/2013,04/21/2013,50,43,7,86,46,13,,https://www.presidency.ucsb.edu/statistics/data/barack-obama-public-approval
Barack Obama,1st term,04/08/2013,04/14/2013,49,45,6,85,44,13,,https://www.presidency.ucsb.edu/statistics/data/barack-obama-public-approval
Barack Obama,1st term,04/01/2013,04/07/2013,48,45,7,85,41,10,,https://www.presidency.ucsb.edu/statistics/data/barack-obama-public-approval
Barack Obama,1st term,03/25/2013,03/30/2013,48,45,7,88,42,10,,https://www.presidency.ucsb.edu/statistics/data/barack-obama-public-approval
Barack Obama,1st term,03/18/2013,03/24/2013,47,45,8,86,43,11,,https://www.presidency.ucsb.edu/statistics/data/barack-obama-public-approval
Barack Obama,1st term,03/11/2013,03/17/2013,48,46,6,87,41,11,,https://www.presidency.ucsb.edu/statistics/data/barack-obama-public-approval
Barack Obama,1st term,03/04/2013,03/10/2013,49,44,7,87,43,12,,https://www.presidency.ucsb.edu/statistics/data/barack-obama-public-approval
Barack Obama,1st term,02/25/2013,03/03/2013,49,44,7,84,44,9,,https://www.presidency.ucsb.edu/statistics/data/barack-obama-public-approval
Barack Obama,1st term,02/18/2013,02/24/2013,51,42,7,87,47,13,,https://www.presidency.ucsb.edu/statistics/data/barack-obama-public-approval
Barack Obama,1st term,02/11/2013,02/17/2013,51,43,6,87,49,12,,https://www.presidency.ucsb.edu/statistics/data/barack-obama-public-approval
Barack Obama,1st term,02/04/2013,02/10/2013,52,42,6,89,51,11,,https://www.presidency.ucsb.edu/statistics/data/barack-obama-public-approval
Barack Obama,1st term,01/28/2013,02/03/2013,53,42,5,90,47,13,,https://www.presidency.ucsb.edu/statistics/data/barack-obama-public-approval
Barack Obama,1st term,01/21/2013,01/27/2013,52,43,5,91,48,11,,https://www.presidency.ucsb.edu/statistics/data/barack-obama-public-approval
Barack Obama,1st term,01/14/2013,01/20/2013,50,43,7,88,46,13,,https://www.presidency.ucsb.edu/statistics/data/barack-obama-public-approval
Barack Obama,1st term,01/07/2013,01/13/2013,54,41,5,92,48,13,,https://www.presidency.ucsb.edu/statistics/data/barack-obama-public-approval
Barack Obama,1st term,12/31/2012,01/06/2013,53,40,7,87,49,12,,https://www.presidency.ucsb.edu/statistics/data/barack-obama-public-approval
Barack Obama,1st term,12/24/2012,12/30/2012,53,41,6,93,46,12,,https://www.presidency.ucsb.edu/statistics/data/barack-obama-public-approval
Barack Obama,1st term,12/17/2012,12/23/2012,57,37,6,92,53,15,,https://www.presidency.ucsb.edu/statistics/data/barack-obama-public-approval
Barack Obama,1st term,12/10/2012,12/16/2012,52,40,8,91,47,9,,https://www.presidency.ucsb.edu/statistics/data/barack-obama-public-approval
Barack Obama,1st term,12/03/2012,12/09/2012,50,44,6,89,50,11,,https://www.presidency.ucsb.edu/statistics/data/barack-obama-public-approval
Barack Obama,1st term,11/26/2012,12/02/2012,51,42,7,90,51,10,,https://www.presidency.ucsb.edu/statistics/data/barack-obama-public-approval
Barack Obama,1st term,11/19/2012,11/25/2012,52,40,8,90,49,12,,https://www.presidency.ucsb.edu/statistics/data/barack-obama-public-approval
Barack Obama,1st term,11/12/2012,11/18/2012,53,41,6,90,50,12,,https://www.presidency.ucsb.edu/statistics/data/barack-obama-public-approval
Barack Obama,1st term,11/05/2012,11/11/2012,51,43,6,91,48,7,,https://www.presidency.ucsb.edu/statistics/data/barack-obama-public-approval
Barack Obama,1st term,10/29/2012,11/04/2012,52,45,3,92,51,6,,https://www.presidency.ucsb.edu/statistics/data/barack-obama-public-approval
Barack Obama,1st term,10/22/2012,10/28/2012,50,45,5,91,48,7,,https://www.presidency.ucsb.edu/statistics/data/barack-obama-public-approval
Barack Obama,1st term,10/15/2012,10/21/2012,50,45,5,89,50,9,,https://www.presidency.ucsb.edu/statistics/data/barack-obama-public-approval
Barack Obama,1st term,10/08/2012,10/14/2012,50,45,5,90,47,9,,https://www.presidency.ucsb.edu/statistics/data/barack-obama-public-approval
Barack Obama,1st term,10/01/2012,10/07/2012,52,43,5,89,52,8,,https://www.presidency.ucsb.edu/statistics/data/barack-obama-public-approval
Barack Obama,1st term,09/24/2012,09/30/2012,48,45,7,88,46,8,,https://www.presidency.ucsb.edu/statistics/data/barack-obama-public-approval
Barack Obama,1st term,09/17/2012,09/23/2012,49,45,6,89,45,8,,https://www.presidency.ucsb.edu/statistics/data/barack-obama-public-approval
Barack Obama,1st term,09/10/2012,09/16/2012,50,44,6,89,47,8,,https://www.presidency.ucsb.edu/statistics/data/barack-obama-public-approval
Barack Obama,1st term,09/03/2012,09/09/2012,50,44,6,89,45,7,,https://www.presidency.ucsb.edu/statistics/data/barack-obama-public-approval
Barack Obama,1st term,08/27/2012,09/02/2012,44,47,9,84,39,7,,https://www.presidency.ucsb.edu/statistics/data/barack-obama-public-approval
Barack Obama,1st term,08/20/2012,08/26/2012,46,47,7,83,44,8,,https://www.presidency.ucsb.edu/statistics/data/barack-obama-public-approval
Barack Obama,1st term,08/13/2012,08/19/2012,45,49,6,84,41,8,,https://www.presidency.ucsb.edu/statistics/data/barack-obama-public-approval
Barack Obama,1st term,08/06/2012,08/12/2012,45,49,6,84,41,9,,https://www.presidency.ucsb.edu/statistics/data/barack-obama-public-approval
Barack Obama,1st term,07/30/2012,08/05/2012,45,48,7,83,39,9,,https://www.presidency.ucsb.edu/statistics/data/barack-obama-public-approval
Barack Obama,1st term,07/23/2012,07/29/2012,47,47,6,86,41,10,,https://www.presidency.ucsb.edu/statistics/data/barack-obama-public-approval
Barack Obama,1st term,07/16/2012,07/22/2012,45,48,7,81,41,10,,https://www.presidency.ucsb.edu/statistics/data/barack-obama-public-approval
Barack Obama,1st term,07/09/2012,07/15/2012,46,47,7,82,42,10,,https://www.presidency.ucsb.edu/statistics/data/barack-obama-public-approval
Barack Obama,1st term,07/02/2012,07/08/2012,45,46,9,82,39,10,,https://www.presidency.ucsb.edu/statistics/data/barack-obama-public-approval
Barack Obama,1st term,06/25/2012,07/01/2012,47,46,7,86,41,11,,https://www.presidency.ucsb.edu/statistics/data/barack-obama-public-approval
Barack Obama,1st term,06/18/2012,06/24/2012,46,48,6,84,43,11,,https://www.presidency.ucsb.edu/statistics/data/barack-obama-public-approval
Barack Obama,1st term,06/11/2012,06/17/2012,46,48,6,84,41,10,,https://www.presidency.ucsb.edu/statistics/data/barack-obama-public-approval
Barack Obama,1st term,06/04/2012,06/10/2012,47,46,7,85,43,11,,https://www.presidency.ucsb.edu/statistics/data/barack-obama-public-approval
Barack Obama,1st term,05/28/2012,06/03/2012,46,46,8,81,41,15,,https://www.presidency.ucsb.edu/statistics/data/barack-obama-public-approval
Barack Obama,1st term,05/21/2012,05/27/2012,48,46,6,84,43,11,,https://www.presidency.ucsb.edu/statistics/data/barack-obama-public-approval
Barack Obama,1st term,05/14/2012,05/20/2012,47,46,7,84,43,10,,https://www.presidency.ucsb.edu/statistics/data/barack-obama-public-approval
Barack Obama,1st term,05/07/2012,05/13/2012,47,47,6,85,43,11,,https://www.presidency.ucsb.edu/statistics/data/barack-obama-public-approval
Barack Obama,1st term,04/30/2012,05/06/2012,48,46,6,83,46,14,,https://www.presidency.ucsb.edu/statistics/data/barack-obama-public-approval
Barack Obama,1st term,04/23/2012,04/29/2012,48,46,6,83,45,13,,https://www.presidency.ucsb.edu/statistics/data/barack-obama-public-approval
Barack Obama,1st term,04/16/2012,04/22/2012,48,46,6,85,43,11,,https://www.presidency.ucsb.edu/statistics/data/barack-obama-public-approval
Barack Obama,1st term,04/09/2012,04/15/2012,47,46,7,85,44,11,,https://www.presidency.ucsb.edu/statistics/data/barack-obama-public-approval
Barack Obama,1st term,04/02/2012,04/08/2012,47,46,7,84,40,11,,https://www.presidency.ucsb.edu/statistics/data/barack-obama-public-approval
Barack Obama,1st term,03/26/2012,04/01/2012,46,45,9,84,42,13,,https://www.presidency.ucsb.edu/statistics/data/barack-obama-public-approval
Barack Obama,1st term,03/19/2012,03/25/2012,46,45,9,82,43,10,,https://www.presidency.ucsb.edu/statistics/data/barack-obama-public-approval
Barack Obama,1st term,03/12/2012,03/18/2012,46,47,7,84,41,11,,https://www.presidency.ucsb.edu/statistics/data/barack-obama-public-approval
Barack Obama,1st term,03/05/2012,03/11/2012,48,44,8,85,44,12,,https://www.presidency.ucsb.edu/statistics/data/barack-obama-public-approval
Barack Obama,1st term,02/27/2012,03/04/2012,45,48,7,83,42,10,,https://www.presidency.ucsb.edu/statistics/data/barack-obama-public-approval
Barack Obama,1st term,02/20/2012,02/26/2012,45,47,8,82,42,10,,https://www.presidency.ucsb.edu/statistics/data/barack-obama-public-approval
Barack Obama,1st term,02/13/2012,02/19/2012,45,47,8,83,42,11,,https://www.presidency.ucsb.edu/statistics/data/barack-obama-public-approval
Barack Obama,1st term,02/06/2012,02/12/2012,47,47,6,85,43,10,,https://www.presidency.ucsb.edu/statistics/data/barack-obama-public-approval
Barack Obama,1st term,01/30/2012,02/05/2012,46,47,7,85,42,10,,https://www.presidency.ucsb.edu/statistics/data/barack-obama-public-approval
Barack Obama,1st term,01/23/2012,01/29/2012,45,48,7,81,42,10,,https://www.presidency.ucsb.edu/statistics/data/barack-obama-public-approval
Barack Obama,1st term,01/16/2012,01/22/2012,45,46,9,81,41,10,,https://www.presidency.ucsb.edu/statistics/data/barack-obama-public-approval
Barack Obama,1st term,01/09/2012,01/15/2012,45,47,8,80,42,12,,https://www.presidency.ucsb.edu/statistics/data/barack-obama-public-approval
Barack Obama,1st term,01/02/2012,01/08/2012,46,47,7,83,41,10,,https://www.presidency.ucsb.edu/statistics/data/barack-obama-public-approval
Barack Obama,1st term,12/26/2011,01/01/2012,42,49,9,76,39,12,,https://www.presidency.ucsb.edu/statistics/data/barack-obama-public-approval
Barack Obama,1st term,12/19/2011,12/25/2011,45,47,8,80,42,10,,https://www.presidency.ucsb.edu/statistics/data/barack-obama-public-approval
Barack Obama,1st term,12/12/2011,12/18/2011,42,50,8,78,38,13,,https://www.presidency.ucsb.edu/statistics/data/barack-obama-public-approval
Barack Obama,1st term,12/05/2011,12/11/2011,43,50,7,82,38,10,,https://www.presidency.ucsb.edu/statistics/data/barack-obama-public-approval
Barack Obama,1st term,11/28/2011,12/04/2011,42,50,8,77,40,11,,https://www.presidency.ucsb.edu/statistics/data/barack-obama-public-approval
Barack Obama,1st term,11/21/2011,11/27/2011,43,49,8,79,39,10,,https://www.presidency.ucsb.edu/statistics/data/barack-obama-public-approval
Barack Obama,1st term,11/14/2011,11/20/2011,43,49,8,79,39,9,,https://www.presidency.ucsb.edu/statistics/data/barack-obama-public-approval
Barack Obama,1st term,11/07/2011,11/13/2011,43,48,9,78,39,11,,https://www.presidency.ucsb.edu/statistics/data/barack-obama-public-approval
Barack Obama,1st term,10/31/2011,11/06/2011,43,50,7,79,39,11,,https://www.presidency.ucsb.edu/statistics/data/barack-obama-public-approval
Barack Obama,1st term,10/24/2011,10/30/2011,43,49,8,80,37,12,,https://www.presidency.ucsb.edu/statistics/data/barack-obama-public-approval
Barack Obama,1st term,10/17/2011,10/23/2011,41,51,8,72,38,9,,https://www.presidency.ucsb.edu/statistics/data/barack-obama-public-approval
Barack Obama,1st term,10/10/2011,10/16/2011,41,52,7,77,37,7,,https://www.presidency.ucsb.edu/statistics/data/barack-obama-public-approval
Barack Obama,1st term,10/03/2011,10/09/2011,40,53,7,76,35,9,,https://www.presidency.ucsb.edu/statistics/data/barack-obama-public-approval
Barack Obama,1st term,09/26/2011,10/02/2011,41,50,9,77,34,11,,https://www.presidency.ucsb.edu/statistics/data/barack-obama-public-approval
Barack Obama,1st term,09/19/2011,09/25/2011,41,51,8,78,36,7,,https://www.presidency.ucsb.edu/statistics/data/barack-obama-public-approval
Barack Obama,1st term,09/12/2011,09/18/2011,40,52,8,75,35,9,,https://www.presidency.ucsb.edu/statistics/data/barack-obama-public-approval
Barack Obama,1st term,09/05/2011,09/11/2011,43,49,8,79,40,9,,https://www.presidency.ucsb.edu/statistics/data/barack-obama-public-approval
Barack Obama,1st term,08/29/2011,09/04/2011,42,51,7,78,39,10,,https://www.presidency.ucsb.edu/statistics/data/barack-obama-public-approval
Barack Obama,1st term,08/22/2011,08/28/2011,40,53,7,75,35,11,,https://www.presidency.ucsb.edu/statistics/data/barack-obama-public-approval
Barack Obama,1st term,08/15/2011,08/21/2011,40,53,7,79,35,8,,https://www.presidency.ucsb.edu/statistics/data/barack-obama-public-approval
Barack Obama,1st term,08/08/2011,08/14/2011,40,52,8,74,36,9,,https://www.presidency.ucsb.edu/statistics/data/barack-obama-public-approval
Barack Obama,1st term,08/01/2011,08/07/2011,42,50,8,78,34,10,,https://www.presidency.ucsb.edu/statistics/data/barack-obama-public-approval
Barack Obama,1st term,07/25/2011,07/31/2011,42,49,9,77,37,12,,https://www.presidency.ucsb.edu/statistics/data/barack-obama-public-approval
Barack Obama,1st term,07/18/2011,07/24/2011,43,48,9,78,41,10,,https://www.presidency.ucsb.edu/statistics/data/barack-obama-public-approval
Barack Obama,1st term,07/11/2011,07/17/2011,44,48,8,79,40,12,,https://www.presidency.ucsb.edu/statistics/data/barack-obama-public-approval
Barack Obama,1st term,07/04/2011,07/10/2011,46,45,9,80,43,13,,https://www.presidency.ucsb.edu/statistics/data/barack-obama-public-approval
Barack Obama,1st term,06/27/2011,07/03/2011,46,47,7,79,46,10,,https://www.presidency.ucsb.edu/statistics/data/barack-obama-public-approval
Barack Obama,1st term,06/20/2011,06/26/2011,43,49,8,78,41,13,,https://www.presidency.ucsb.edu/statistics/data/barack-obama-public-approval
Barack Obama,1st term,06/13/2011,06/19/2011,47,45,8,83,39,16,,https://www.presidency.ucsb.edu/statistics/data/barack-obama-public-approval
Barack Obama,1st term,06/06/2011,06/12/2011,46,44,10,82,42,15,,https://www.presidency.ucsb.edu/statistics/data/barack-obama-public-approval
Barack Obama,1st term,05/30/2011,06/05/2011,50,42,8,85,47,16,,https://www.presidency.ucsb.edu/statistics/data/barack-obama-public-approval
Barack Obama,1st term,05/23/2011,05/29/2011,49,43,8,82,47,15,,https://www.presidency.ucsb.edu/statistics/data/barack-obama-public-approval
Barack Obama,1st term,05/16/2011,05/22/2011,50,43,7,84,46,16,,https://www.presidency.ucsb.edu/statistics/data/barack-obama-public-approval
Barack Obama,1st term,05/09/2011,05/15/2011,49,43,8,83,46,16,,https://www.presidency.ucsb.edu/statistics/data/barack-obama-public-approval
Barack Obama,1st term,05/02/2011,05/08/2011,51,40,9,83,47,21,,https://www.presidency.ucsb.edu/statistics/data/barack-obama-public-approval
Barack Obama,1st term,04/25/2011,05/01/2011,44,47,9,80,40,10,,https://www.presidency.ucsb.edu/statistics/data/barack-obama-public-approval
Barack Obama,1st term,04/18/2011,04/24/2011,43,48,9,77,39,14,,https://www.presidency.ucsb.edu/statistics/data/barack-obama-public-approval
Barack Obama,1st term,04/11/2011,04/17/2011,43,48,9,77,40,11,,https://www.presidency.ucsb.edu/statistics/data/barack-obama-public-approval
Barack Obama,1st term,04/04/2011,04/10/2011,45,46,9,80,39,11,,https://www.presidency.ucsb.edu/statistics/data/barack-obama-public-approval
Barack Obama,1st term,03/28/2011,04/03/2011,48,44,8,80,43,18,,https://www.presidency.ucsb.edu/statistics/data/barack-obama-public-approval
Barack Obama,1st term,03/21/2011,03/27/2011,45,47,8,79,41,12,,https://www.presidency.ucsb.edu/statistics/data/barack-obama-public-approval
Barack Obama,1st term,03/14/2011,03/20/2011,48,44,8,81,43,15,,https://www.presidency.ucsb.edu/statistics/data/barack-obama-public-approval
Barack Obama,1st term,03/07/2011,03/13/2011,47,45,8,79,44,14,,https://www.presidency.ucsb.edu/statistics/data/barack-obama-public-approval
Barack Obama,1st term,02/28/2011,03/06/2011,46,46,8,79,43,14,,https://www.presidency.ucsb.edu/statistics/data/barack-obama-public-approval
Barack Obama,1st term,02/21/2011,02/27/2011,48,44,8,82,45,11,,https://www.presidency.ucsb.edu/statistics/data/barack-obama-public-approval
Barack Obama,1st term,02/14/2011,02/20/2011,48,43,9,83,43,15,,https://www.presidency.ucsb.edu/statistics/data/barack-obama-public-approval
Barack Obama,1st term,02/07/2011,02/13/2011,48,43,9,81,45,16,,https://www.presidency.ucsb.edu/statistics/data/barack-obama-public-approval
Barack Obama,1st term,01/31/2011,02/06/2011,47,45,8,83,42,14,,https://www.presidency.ucsb.edu/statistics/data/barack-obama-public-approval
Barack Obama,1st term,01/24/2011,01/30/2011,50,42,8,84,45,15,,https://www.presidency.ucsb.edu/statistics/data/barack-obama-public-approval
Barack Obama,1st term,01/17/2011,01/23/2011,50,42,8,84,49,14,,https://www.presidency.ucsb.edu/statistics/data/barack-obama-public-approval
Barack Obama,1st term,01/10/2011,01/16/2011,49,42,9,83,46,15,,https://www.presidency.ucsb.edu/statistics/data/barack-obama-public-approval
Barack Obama,1st term,01/03/2011,01/09/2011,48,45,7,82,46,13,,https://www.presidency.ucsb.edu/statistics/data/barack-obama-public-approval
Barack Obama,1st term,12/27/2010,01/02/2011,48,44,8,81,45,15,,https://www.presidency.ucsb.edu/statistics/data/barack-obama-public-approval
Barack Obama,1st term,12/20/2010,12/26/2010,47,46,7,85,45,12,,https://www.presidency.ucsb.edu/statistics/data/barack-obama-public-approval
Barack Obama,1st term,12/13/2010,12/19/2010,46,46,8,79,41,14,,https://www.presidency.ucsb.edu/statistics/data/barack-obama-public-approval
Barack Obama,1st term,12/06/2010,12/12/2010,45,48,7,80,41,12,,https://www.presidency.ucsb.edu/statistics/data/barack-obama-public-approval
Barack Obama,1st term,11/29/2010,12/05/2010,46,46,8,78,42,10,,https://www.presidency.ucsb.edu/statistics/data/barack-obama-public-approval
Barack Obama,1st term,11/22/2010,11/28/2010,45,47,8,81,41,12,,https://www.presidency.ucsb.edu/statistics/data/barack-obama-public-approval
Barack Obama,1st term,11/15/2010,11/21/2010,46,46,8,81,42,9,,https://www.presidency.ucsb.edu/statistics/data/barack-obama-public-approval
Barack Obama,1st term,11/08/2010,11/14/2010,44,48,8,80,41,8,,https://www.presidency.ucsb.edu/statistics/data/barack-obama-public-approval
Barack Obama,1st term,11/01/2010,11/07/2010,45,47,8,81,42,11,,https://www.presidency.ucsb.edu/statistics/data/barack-obama-public-approval
Barack Obama,1st term,10/25/2010,10/31/2010,45,48,7,81,41,9,,https://www.presidency.ucsb.edu/statistics/data/barack-obama-public-approval
Barack Obama,1st term,10/18/2010,10/24/2010,44,48,8,83,41,9,,https://www.presidency.ucsb.edu/statistics/data/barack-obama-public-approval
Barack Obama,1st term,10/11/2010,10/17/2010,45,47,8,81,40,8,,https://www.presidency.ucsb.edu/statistics/data/barack-obama-public-approval
Barack Obama,1st term,10/04/2010,10/10/2010,46,48,6,80,40,7,,https://www.presidency.ucsb.edu/statistics/data/barack-obama-public-approval
Barack Obama,1st term,09/27/2010,10/03/2010,46,47,7,82,41,10,,https://www.presidency.ucsb.edu/statistics/data/barack-obama-public-approval
Barack Obama,1st term,09/20/2010,09/26/2010,44,48,8,81,39,14,,https://www.presidency.ucsb.edu/statistics/data/barack-obama-public-approval
Barack Obama,1st term,09/13/2010,09/19/2010,46,47,7,77,39,11,,https://www.presidency.ucsb.edu/statistics/data/barack-obama-public-approval
Barack Obama,1st term,09/06/2010,09/12/2010,46,46,8,80,40,12,,https://www.presidency.ucsb.edu/statistics/data/barack-obama-public-approval
Barack Obama,1st term,08/30/2010,09/05/2010,45,47,8,81,43,11,,https://www.presidency.ucsb.edu/statistics/data/barack-obama-public-approval
Barack Obama,1st term,08/23/2010,08/29/2010,43,49,8,79,39,11,,https://www.presidency.ucsb.edu/statistics/data/barack-obama-public-approval
Barack Obama,1st term,08/16/2010,08/22/2010,43,50,7,78,40,14,,https://www.presidency.ucsb.edu/statistics/data/barack-obama-public-approval
Barack Obama,1st term,08/09/2010,08/15/2010,44,48,8,76,39,11,,https://www.presidency.ucsb.edu/statistics/data/barack-obama-public-approval
Barack Obama,1st term,08/02/2010,08/08/2010,45,48,7,80,39,12,,https://www.presidency.ucsb.edu/statistics/data/barack-obama-public-approval
Barack Obama,1st term,07/26/2010,08/01/2010,45,47,8,80,42,11,,https://www.presidency.ucsb.edu/statistics/data/barack-obama-public-approval
Barack Obama,1st term,07/19/2010,07/25/2010,45,47,8,82,43,10,,https://www.presidency.ucsb.edu/statistics/data/barack-obama-public-approval
Barack Obama,1st term,07/12/2010,07/18/2010,46,46,8,79,40,12,,https://www.presidency.ucsb.edu/statistics/data/barack-obama-public-approval
Barack Obama,1st term,07/05/2010,07/11/2010,46,47,7,81,39,12,,https://www.presidency.ucsb.edu/statistics/data/barack-obama-public-approval
Barack Obama,1st term,06/28/2010,07/04/2010,46,45,9,81,38,13,,https://www.presidency.ucsb.edu/statistics/data/barack-obama-public-approval
Barack Obama,1st term,06/21/2010,06/27/2010,45,46,9,81,38,12,,https://www.presidency.ucsb.edu/statistics/data/barack-obama-public-approval
Barack Obama,1st term,06/14/2010,06/20/2010,47,45,8,78,43,11,,https://www.presidency.ucsb.edu/statistics/data/barack-obama-public-approval
Barack Obama,1st term,06/07/2010,06/13/2010,46,46,8,82,43,13,,https://www.presidency.ucsb.edu/statistics/data/barack-obama-public-approval
Barack Obama,1st term,05/31/2010,06/06/2010,47,45,8,79,44,12,,https://www.presidency.ucsb.edu/statistics/data/barack-obama-public-approval
Barack Obama,1st term,05/24/2010,05/30/2010,46,46,8,79,44,13,,https://www.presidency.ucsb.edu/statistics/data/barack-obama-public-approval
Barack Obama,1st term,05/17/2010,05/23/2010,48,45,7,81,41,16,,https://www.presidency.ucsb.edu/statistics/data/barack-obama-public-approval
Barack Obama,1st term,05/10/2010,05/16/2010,49,43,8,84,42,14,,https://www.presidency.ucsb.edu/statistics/data/barack-obama-public-approval
Barack Obama,1st term,05/03/2010,05/09/2010,50,43,7,82,47,13,,https://www.presidency.ucsb.edu/statistics/data/barack-obama-public-approval
Barack Obama,1st term,04/26/2010,05/02/2010,48,45,7,82,47,14,,https://www.presidency.ucsb.edu/statistics/data/barack-obama-public-approval
Barack Obama,1st term,04/19/2010,04/25/2010,50,43,7,84,42,14,,https://www.presidency.ucsb.edu/statistics/data/barack-obama-public-approval
Barack Obama,1st term,04/12/2010,04/18/2010,48,45,7,82,48,13,,https://www.presidency.ucsb.edu/statistics/data/barack-obama-public-approval
Barack Obama,1st term,04/05/2010,04/11/2010,47,46,7,86,45,12,,https://www.presidency.ucsb.edu/statistics/data/barack-obama-public-approval
Barack Obama,1st term,03/29/2010,04/04/2010,49,44,7,83,43,14,,https://www.presidency.ucsb.edu/statistics/data/barack-obama-public-approval
Barack Obama,1st term,03/22/2010,03/28/2010,49,44,7,82,48,11,,https://www.presidency.ucsb.edu/statistics/data/barack-obama-public-approval
Barack Obama,1st term,03/15/2010,03/21/2010,48,45,7,84,44,11,,https://www.presidency.ucsb.edu/statistics/data/barack-obama-public-approval
Barack Obama,1st term,03/08/2010,03/14/2010,48,45,7,81,43,13,,https://www.presidency.ucsb.edu/statistics/data/barack-obama-public-approval
Barack Obama,1st term,03/01/2010,03/07/2010,49,44,7,83,44,12,,https://www.presidency.ucsb.edu/statistics/data/barack-obama-public-approval
Barack Obama,1st term,02/22/2010,02/28/2010,50,43,7,82,44,14,,https://www.presidency.ucsb.edu/statistics/data/barack-obama-public-approval
Barack Obama,1st term,02/15/2010,02/21/2010,49,43,8,83,44,17,,https://www.presidency.ucsb.edu/statistics/data/barack-obama-public-approval
Barack Obama,1st term,02/08/2010,02/14/2010,51,42,7,83,45,17,,https://www.presidency.ucsb.edu/statistics/data/barack-obama-public-approval
Barack Obama,1st term,02/01/2010,02/07/2010,50,43,7,83,47,19,,https://www.presidency.ucsb.edu/statistics/data/barack-obama-public-approval
Barack Obama,1st term,01/25/2010,01/31/2010,48,45,7,83,46,16,,https://www.presidency.ucsb.edu/statistics/data/barack-obama-public-approval
Barack Obama,1st term,01/18/2010,01/24/2010,49,46,5,83,44,14,,https://www.presidency.ucsb.edu/statistics/data/barack-obama-public-approval
Barack Obama,1st term,01/11/2010,01/17/2010,50,43,7,83,45,15,,https://www.presidency.ucsb.edu/statistics/data/barack-obama-public-approval
Barack Obama,1st term,01/04/2010,01/10/2010,51,43,6,82,45,18,,https://www.presidency.ucsb.edu/statistics/data/barack-obama-public-approval
Barack Obama,1st term,12/28/2009,01/03/2010,51,43,6,84,45,15,,https://www.presidency.ucsb.edu/statistics/data/barack-obama-public-approval
Barack Obama,1st term,12/21/2009,12/27/2009,51,43,6,85,47,16,,https://www.presidency.ucsb.edu/statistics/data/barack-obama-public-approval
Barack Obama,1st term,12/14/2009,12/20/2009,50,43,7,86,48,18,,https://www.presidency.ucsb.edu/statistics/data/barack-obama-public-approval
Barack Obama,1st term,12/07/2009,12/13/2009,49,42,9,84,45,17,,https://www.presidency.ucsb.edu/statistics/data/barack-obama-public-approval
Barack Obama,1st term,11/30/2009,12/06/2009,50,44,6,81,46,18,,https://www.presidency.ucsb.edu/statistics/data/barack-obama-public-approval
Barack Obama,1st term,11/23/2009,11/29/2009,50,42,8,82,46,17,,https://www.presidency.ucsb.edu/statistics/data/barack-obama-public-approval
Barack Obama,1st term,11/16/2009,11/22/2009,49,44,7,82,44,18,,https://www.presidency.ucsb.edu/statistics/data/barack-obama-public-approval
Barack Obama,1st term,11/09/2009,11/15/2009,53,39,8,82,44,14,,https://www.presidency.ucsb.edu/statistics/data/barack-obama-public-approval
Barack Obama,1st term,11/02/2009,11/08/2009,52,42,6,88,48,17,,https://www.presidency.ucsb.edu/statistics/data/barack-obama-public-approval
Barack Obama,1st term,10/26/2009,11/01/2009,53,41,6,84,50,18,,https://www.presidency.ucsb.edu/statistics/data/barack-obama-public-approval
Barack Obama,1st term,10/19/2009,10/25/2009,53,39,8,87,50,18,,https://www.presidency.ucsb.edu/statistics/data/barack-obama-public-approval
Barack Obama,1st term,10/12/2009,10/18/2009,52,41,7,87,46,18,,https://www.presidency.ucsb.edu/statistics/data/barack-obama-public-approval
Barack Obama,1st term,10/05/2009,10/11/2009,54,38,8,84,48,16,,https://www.presidency.ucsb.edu/statistics/data/barack-obama-public-approval
Barack Obama,1st term,09/28/2009,10/04/2009,52,40,8,83,54,18,,https://www.presidency.ucsb.edu/statistics/data/barack-obama-public-approval
Barack Obama,1st term,09/21/2009,09/27/2009,51,41,8,87,46,16,,https://www.presidency.ucsb.edu/statistics/data/barack-obama-public-approval
Barack Obama,1st term,09/14/2009,09/20/2009,52,41,7,88,43,19,,https://www.presidency.ucsb.edu/statistics/data/barack-obama-public-approval
Barack Obama,1st term,09/07/2009,09/13/2009,52,41,7,84,48,16,,https://www.presidency.ucsb.edu/statistics/data/barack-obama-public-approval
Barack Obama,1st term,08/31/2009,09/06/2009,53,40,7,86,46,18,,https://www.presidency.ucsb.edu/statistics/data/barack-obama-public-approval
Barack Obama,1st term,08/24/2009,08/30/2009,50,43,7,86,47,18,,https://www.presidency.ucsb.edu/statistics/data/barack-obama-public-approval
Barack Obama,1st term,08/17/2009,08/23/2009,52,41,7,84,48,16,,https://www.presidency.ucsb.edu/statistics/data/barack-obama-public-approval
Barack Obama,1st term,08/10/2009,08/16/2009,54,40,6,86,49,16,,https://www.presidency.ucsb.edu/statistics/data/barack-obama-public-approval
Barack Obama,1st term,08/03/2009,08/09/2009,56,37,7,86,46,20,,https://www.presidency.ucsb.edu/statistics/data/barack-obama-public-approval
Barack Obama,1st term,07/27/2009,08/02/2009,54,39,7,90,52,17,,https://www.presidency.ucsb.edu/statistics/data/barack-obama-public-approval
Barack Obama,1st term,07/20/2009,07/26/2009,56,38,6,87,47,20,,https://www.presidency.ucsb.edu/statistics/data/barack-obama-public-approval
Barack Obama,1st term,07/13/2009,07/19/2009,59,33,8,88,51,21,,https://www.presidency.ucsb.edu/statistics/data/barack-obama-public-approval
Barack Obama,1st term,07/06/2009,07/12/2009,58,34,8,92,56,23,,https://www.presidency.ucsb.edu/statistics/data/barack-obama-public-approval
Barack Obama,1st term,06/29/2009,07/05/2009,60,32,8,90,56,20,,https://www.presidency.ucsb.edu/statistics/data/barack-obama-public-approval
Barack Obama,1st term,06/22/2009,06/28/2009,60,33,7,90,54,25,,https://www.presidency.ucsb.edu/statistics/data/barack-obama-public-approval
Barack Obama,1st term,06/15/2009,06/21/2009,59,34,7,88,60,25,,https://www.presidency.ucsb.edu/statistics/data/barack-obama-public-approval
Barack Obama,1st term,06/08/2009,06/14/2009,61,31,8,90,55,23,,https://www.presidency.ucsb.edu/statistics/data/barack-obama-public-approval
Barack Obama,1st term,06/01/2009,06/07/2009,62,31,7,89,59,25,,https://www.presidency.ucsb.edu/statistics/data/barack-obama-public-approval
Barack Obama,1st term,05/25/2009,05/31/2009,63,30,7,91,60,26,,https://www.presidency.ucsb.edu/statistics/data/barack-obama-public-approval
Barack Obama,1st term,05/18/2009,05/24/2009,64,28,8,90,62,29,,https://www.presidency.ucsb.edu/statistics/data/barack-obama-public-approval
Barack Obama,1st term,05/11/2009,05/17/2009,64,29,7,91,61,25,,https://www.presidency.ucsb.edu/statistics/data/barack-obama-public-approval
Barack Obama,1st term,05/04/2009,05/10/2009,66,27,7,91,66,31,,https://www.presidency.ucsb.edu/statistics/data/barack-obama-public-approval
Barack Obama,1st term,04/27/2009,05/03/2009,65,29,6,93,61,31,,https://www.presidency.ucsb.edu/statistics/data/barack-obama-public-approval
Barack Obama,1st term,04/20/2009,04/26/2009,65,29,6,92,64,28,,https://www.presidency.ucsb.edu/statistics/data/barack-obama-public-approval
Barack Obama,1st term,04/13/2009,04/19/2009,62,29,9,91,58,28,,https://www.presidency.ucsb.edu/statistics/data/barack-obama-public-approval
Barack Obama,1st term,04/06/2009,04/12/2009,61,28,11,89,60,25,,https://www.presidency.ucsb.edu/statistics/data/barack-obama-public-approval
Barack Obama,1st term,03/30/2009,04/05/2009,62,28,10,90,60,27,,https://www.presidency.ucsb.edu/statistics/data/barack-obama-public-approval
Barack Obama,1st term,03/23/2009,03/29/2009,61,29,10,92,57,28,,https://www.presidency.ucsb.edu/statistics/data/barack-obama-public-approval
Barack Obama,1st term,03/16/2009,03/22/2009,63,26,11,90,62,27,,https://www.presidency.ucsb.edu/statistics/data/barack-obama-public-approval
Barack Obama,1st term,03/09/2009,03/15/2009,62,28,10,91,59,26,,https://www.presidency.ucsb.edu/statistics/data/barack-obama-public-approval
Barack Obama,1st term,03/02/2009,03/08/2009,62,27,11,90,60,27,,https://www.presidency.ucsb.edu/statistics/data/barack-obama-public-approval
Barack Obama,1st term,02/23/2009,03/01/2009,64,23,13,88,60,35,,https://www.presidency.ucsb.edu/statistics/data/barack-obama-public-approval
Barack Obama,1st term,02/16/2009,02/22/2009,62,25,13,89,59,28,,https://www.presidency.ucsb.edu/statistics/data/barack-obama-public-approval
Barack Obama,1st term,02/09/2009,02/15/2009,64,22,14,89,63,30,,https://www.presidency.ucsb.edu/statistics/data/barack-obama-public-approval
Barack Obama,1st term,02/02/2009,02/08/2009,65,21,14,89,63,34,,https://www.presidency.ucsb.edu/statistics/data/barack-obama-public-approval
Barack Obama,1st term,01/26/2009,02/01/2009,66,18,16,88,62,38,,https://www.presidency.ucsb.edu/statistics/data/barack-obama-public-approval
Barack Obama,1st term,01/19/2009,01/25/2009,67,13,20,88,62,41,,https://www.presidency.ucsb.edu/statistics/data/barack-obama-public-approval
George W. Bush,1st term,01/09/2009,01/11/2009,34,61,5,,,,,https://www.presidency.ucsb.edu/statistics/data/george-w-bush-public-approval
George W. Bush,1st term,12/12/2008,12/14/2008,29,67,4,,,,,https://www.presidency.ucsb.edu/statistics/data/george-w-bush-public-approval
George W. Bush,1st term,12/04/2008,12/07/2008,32,61,7,,,,,https://www.presidency.ucsb.edu/statistics/data/george-w-bush-public-approval
George W. Bush,1st term,11/13/2008,11/16/2008,29,66,5,,,,,https://www.presidency.ucsb.edu/statistics/data/george-w-bush-public-approval
George W. Bush,1st term,11/07/2008,11/09/2008,28,68,4,,,,,https://www.presidency.ucsb.edu/statistics/data/george-w-bush-public-approval
George W. Bush,1st term,10/31/2008,11/02/2008,25,70,5,,,,,https://www.presidency.ucsb.edu/statistics/data/george-w-bush-public-approval
George W. Bush,1st term,10/23/2008,10/26/2008,31,66,3,,,,,https://www.presidency.ucsb.edu/statistics/data/george-w-bush-public-approval
George W. Bush,1st term,10/10/2008,10/12/2008,25,71,4,,,,,https://www.presidency.ucsb.edu/statistics/data/george-w-bush-public-approval
George W. Bush,1st term,10/03/2008,10/05/2008,25,70,5,,,,,https://www.presidency.ucsb.edu/statistics/data/george-w-bush-public-approval
George W. Bush,1st term,09/26/2008,09/27/2008,27,69,4,,,,,https://www.presidency.ucsb.edu/statistics/data/george-w-bush-public-approval
George W. Bush,1st term,09/08/2008,09/11/2008,31,65,4,,,,,https://www.presidency.ucsb.edu/statistics/data/george-w-bush-public-approval
George W. Bush,1st term,09/05/2008,09/07/2008,33,64,3,,,,,https://www.presidency.ucsb.edu/statistics/data/george-w-bush-public-approval
George W. Bush,1st term,08/21/2008,08/23/2008,29,66,5,,,,,https://www.presidency.ucsb.edu/statistics/data/george-w-bush-public-approval
George W. Bush,1st term,08/07/2008,08/10/2008,33,61,6,,,,,https://www.presidency.ucsb.edu/statistics/data/george-w-bush-public-approval
George W. Bush,1st term,07/25/2008,07/27/2008,32,65,3,,,,,https://www.presidency.ucsb.edu/statistics/data/george-w-bush-public-approval
George W. Bush,1st term,07/10/2008,07/13/2008,31,61,8,,,,,https://www.presidency.ucsb.edu/statistics/data/george-w-bush-public-approval
George W. Bush,1st term,06/15/2008,06/19/2008,28,68,4,,,,,https://www.presidency.ucsb.edu/statistics/data/george-w-bush-public-approval
George W. Bush,1st term,06/09/2008,06/12/2008,30,64,6,,,,,https://www.presidency.ucsb.edu/statistics/data/george-w-bush-public-approval
George W. Bush,1st term,05/30/2008,06/01/2008,28,68,4,,,,,https://www.presidency.ucsb.edu/statistics/data/george-w-bush-public-approval
George W. Bush,1st term,05/08/2008,05/11/2008,29,65,6,,,,,https://www.presidency.ucsb.edu/statistics/data/george-w-bush-public-approval
George W. Bush,1st term,05/01/2008,05/03/2008,28,67,5,,,,,https://www.presidency.ucsb.edu/statistics/data/george-w-bush-public-approval
George W. Bush,1st term,04/18/2008,04/20/2008,28,69,3,,,,,https://www.presidency.ucsb.edu/statistics/data/george-w-bush-public-approval
George W. Bush,1st term,04/06/2008,04/09/2008,28,67,5,,,,,https://www.presidency.ucsb.edu/statistics/data/george-w-bush-public-approval
George W. Bush,1st term,03/14/2008,03/16/2008,32,64,4,,,,,https://www.presidency.ucsb.edu/statistics/data/george-w-bush-public-approval
George W. Bush,1st term,03/06/2008,03/09/2008,32,64,4,,,,,https://www.presidency.ucsb.edu/statistics/data/george-w-bush-public-approval
George W. Bush,1st term,02/21/2008,02/24/2008,32,62,6,,,,,https://www.presidency.ucsb.edu/statistics/data/george-w-bush-public-approval
George W. Bush,1st term,02/11/2008,02/14/2008,31,65,4,,,,,https://www.presidency.ucsb.edu/statistics/data/george-w-bush-public-approval
George W. Bush,1st term,02/08/2008,02/10/2008,33,61,6,,,,,https://www.presidency.ucsb.edu/statistics/data/george-w-bush-public-approval
George W. Bush,1st term,01/30/2008,02/02/2008,34,61,5,,,,,https://www.presidency.ucsb.edu/statistics/data/george-w-bush-public-approval
George W. Bush,1st term,1/10/2008,1/13/2008,34,60,6,,,,,https://www.presidency.ucsb.edu/statistics/data/george-w-bush-public-approval
George W. Bush,1st term,01/04/2008,01/06/2008,32,64,4,,,,,https://www.presidency.ucsb.edu/statistics/data/george-w-bush-public-approval
George W. Bush,1st term,12/14/2007,12/16/2007,32,65,3,,,,,https://www.presidency.ucsb.edu/statistics/data/george-w-bush-public-approval
George W. Bush,1st term,12/6/2007,12/9/2007,37,57,6,,,,,https://www.presidency.ucsb.edu/statistics/data/george-w-bush-public-approval
George W. Bush,1st term,11/30/2007,12/02/2007,34,62,4,,,,,https://www.presidency.ucsb.edu/statistics/data/george-w-bush-public-approval
George W. Bush,1st term,11/11/2007,11/14/2007,32,61,7,,,,,https://www.presidency.ucsb.edu/statistics/data/george-w-bush-public-approval
George W. Bush,1st term,11/02/2007,11/04/2007,31,64,5,,,,,https://www.presidency.ucsb.edu/statistics/data/george-w-bush-public-approval
George W. Bush,1st term,10/12/2007,10/14/2007,32,64,4,,,,,https://www.presidency.ucsb.edu/statistics/data/george-w-bush-public-approval
George W. Bush,1st term,10/04/2007,10/07/2007,32,64,4,,,,,https://www.presidency.ucsb.edu/statistics/data/george-w-bush-public-approval
George W. Bush,1st term,09/14/2007,09/16/2007,36,62,2,,,,,https://www.presidency.ucsb.edu/statistics/data/george-w-bush-public-approval
George W. Bush,1st term,09/07/2007,09/08/2007,33,62,5,,,,,https://www.presidency.ucsb.edu/statistics/data/george-w-bush-public-approval
George W. Bush,1st term,08/13/2007,08/16/2007,32,63,5,,,,,https://www.presidency.ucsb.edu/statistics/data/george-w-bush-public-approval
George W. Bush,1st term,08/03/2007,08/05/2007,34,62,4,,,,,https://www.presidency.ucsb.edu/statistics/data/george-w-bush-public-approval
George W. Bush,1st term,07/12/2007,07/15/2007,31,63,6,,,,,https://www.presidency.ucsb.edu/statistics/data/george-w-bush-public-approval
George W. Bush,1st term,07/06/2007,07/08/2007,29,66,5,,,,,https://www.presidency.ucsb.edu/statistics/data/george-w-bush-public-approval
George W. Bush,1st term,06/11/2007,06/14/2007,32,65,3,,,,,https://www.presidency.ucsb.edu/statistics/data/george-w-bush-public-approval
George W. Bush,1st term,06/01/2007,06/03/2007,32,62,6,,,,,https://www.presidency.ucsb.edu/statistics/data/george-w-bush-public-approval
George W. Bush,1st term,05/10/2007,05/13/2007,33,62,5,,,,,https://www.presidency.ucsb.edu/statistics/data/george-w-bush-public-approval
George W. Bush,1st term,05/04/2007,05/06/2007,34,63,3,,,,,https://www.presidency.ucsb.edu/statistics/data/george-w-bush-public-approval
George W. Bush,1st term,04/13/2007,04/15/2007,36,60,4,,,,,https://www.presidency.ucsb.edu/statistics/data/george-w-bush-public-approval
George W. Bush,1st term,04/02/2007,04/05/2007,38,58,4,,,,,https://www.presidency.ucsb.edu/statistics/data/george-w-bush-public-approval
George W. Bush,1st term,03/23/2007,03/25/2007,34,62,4,,,,,https://www.presidency.ucsb.edu/statistics/data/george-w-bush-public-approval
George W. Bush,1st term,03/11/2007,03/14/2007,35,61,4,,,,,https://www.presidency.ucsb.edu/statistics/data/george-w-bush-public-approval
George W. Bush,1st term,03/02/2007,03/04/2007,33,63,4,,,,,https://www.presidency.ucsb.edu/statistics/data/george-w-bush-public-approval
George W. Bush,1st term,02/09/2007,02/11/2007,37,59,4,,,,,https://www.presidency.ucsb.edu/statistics/data/george-w-bush-public-approval
George W. Bush,1st term,02/01/2007,02/04/2007,32,65,3,,,,,https://www.presidency.ucsb.edu/statistics/data/george-w-bush-public-approval
George W. Bush,1st term,1/15/2007,1/18/2007,36,61,3,,,,,https://www.presidency.ucsb.edu/statistics/data/george-w-bush-public-approval
George W. Bush,1st term,01/12/2007,1/14/2007,34,63,3,,,,,https://www.presidency.ucsb.edu/statistics/data/george-w-bush-public-approval
George W. Bush,1st term,01/05/2007,1/7/2007,37,59,4,,,,,https://www.presidency.ucsb.edu/statistics/data/george-w-bush-public-approval
George W. Bush,1st term,12/11/2006,12/14/2006,35,61,4,,,,,https://www.presidency.ucsb.edu/statistics/data/george-w-bush-public-approval
George W. Bush,1st term,12/8/2006,12/10/2006,38,59,3,,,,,https://www.presidency.ucsb.edu/statistics/data/george-w-bush-public-approval
George W. Bush,1st term,11/09/2006,11/12/2006,37,62,1,,,,,https://www.presidency.ucsb.edu/statistics/data/george-w-bush-public-approval
George W. Bush,1st term,11/02/2006,11/05/2006,38,56,6,,,,,https://www.presidency.ucsb.edu/statistics/data/george-w-bush-public-approval
George W. Bush,1st term,10/20/2006,10/22/2006,37,58,5,,,,,https://www.presidency.ucsb.edu/statistics/data/george-w-bush-public-approval
George W. Bush,1st term,10/09/2006,10/12/2006,37,57,6,,,,,https://www.presidency.ucsb.edu/statistics/data/george-w-bush-public-approval
George W. Bush,1st term,10/06/2006,10/08/2006,37,59,4,,,,,https://www.presidency.ucsb.edu/statistics/data/george-w-bush-public-approval
George W. Bush,1st term,09/15/2006,09/17/2006,44,51,5,,,,,https://www.presidency.ucsb.edu/statistics/data/george-w-bush-public-approval
George W. Bush,1st term,09/07/2006,09/10/2006,39,56,5,,,,,https://www.presidency.ucsb.edu/statistics/data/george-w-bush-public-approval
George W. Bush,1st term,08/18/2006,08/20/2006,42,54,4,,,,,https://www.presidency.ucsb.edu/statistics/data/george-w-bush-public-approval
George W. Bush,1st term,08/07/2006,08/10/2006,37,59,4,,,,,https://www.presidency.ucsb.edu/statistics/data/george-w-bush-public-approval
George W. Bush,1st term,07/28/2006,07/30/2006,40,56,4,,,,,https://www.presidency.ucsb.edu/statistics/data/george-w-bush-public-approval
George W. Bush,1st term,07/21/2006,07/23/2006,37,59,4,,,,,https://www.presidency.ucsb.edu/statistics/data/george-w-bush-public-approval
George W. Bush,1st term,07/06/2006,07/09/2006,40,55,5,,,,,https://www.presidency.ucsb.edu/statistics/data/george-w-bush-public-approval
George W. Bush,1st term,06/23/2006,06/25/2006,37,60,3,,,,,https://www.presidency.ucsb.edu/statistics/data/george-w-bush-public-approval
George W. Bush,1st term,06/09/2006,06/11/2006,38,56,6,,,,,https://www.presidency.ucsb.edu/statistics/data/george-w-bush-public-approval
George W. Bush,1st term,06/01/2006,06/04/2006,36,57,7,,,,,https://www.presidency.ucsb.edu/statistics/data/george-w-bush-public-approval
George W. Bush,1st term,05/08/2006,05/11/2006,33,61,6,,,,,https://www.presidency.ucsb.edu/statistics/data/george-w-bush-public-approval
George W. Bush,1st term,05/05/2006,05/07/2006,31,61,8,,,,,https://www.presidency.ucsb.edu/statistics/data/george-w-bush-public-approval
George W. Bush,1st term,04/28/2006,04/30/2006,34,65,1,,,,,https://www.presidency.ucsb.edu/statistics/data/george-w-bush-public-approval
George W. Bush,1st term,04/10/2006,04/13/2006,36,63,1,,,,,https://www.presidency.ucsb.edu/statistics/data/george-w-bush-public-approval
George W. Bush,1st term,04/07/2006,04/09/2006,37,60,3,,,,,https://www.presidency.ucsb.edu/statistics/data/george-w-bush-public-approval
George W. Bush,1st term,03/13/2006,03/16/2006,37,59,4,,,,,https://www.presidency.ucsb.edu/statistics/data/george-w-bush-public-approval
George W. Bush,1st term,03/10/2006,03/12/2006,36,60,4,,,,,https://www.presidency.ucsb.edu/statistics/data/george-w-bush-public-approval
George W. Bush,1st term,02/28/2006,03/01/2006,38,60,2,,,,,https://www.presidency.ucsb.edu/statistics/data/george-w-bush-public-approval
George W. Bush,1st term,02/09/2006,02/12/2006,39,56,5,,,,,https://www.presidency.ucsb.edu/statistics/data/george-w-bush-public-approval
George W. Bush,1st term,02/06/2006,02/09/2006,42,55,3,,,,,https://www.presidency.ucsb.edu/statistics/data/george-w-bush-public-approval
George W. Bush,1st term,1/20/2006,1/22/2006,43,54,3,,,,,https://www.presidency.ucsb.edu/statistics/data/george-w-bush-public-approval
George W. Bush,1st term,1/9/2006,1/12/2006,43,53,4,,,,,https://www.presidency.ucsb.edu/statistics/data/george-w-bush-public-approval
George W. Bush,1st term,01/06/2006,1/8/2006,43,54,3,,,,,https://www.presidency.ucsb.edu/statistics/data/george-w-bush-public-approval
George W. Bush,1st term,12/19/2005,12/22/2005,43,53,4,,,,,https://www.presidency.ucsb.edu/statistics/data/george-w-bush-public-approval
George W. Bush,1st term,12/16/2005,12/18/2005,41,56,3,,,,,https://www.presidency.ucsb.edu/statistics/data/george-w-bush-public-approval
George W. Bush,1st term,12/9/2005,12/11/2005,42,55,3,,,,,https://www.presidency.ucsb.edu/statistics/data/george-w-bush-public-approval
George W. Bush,1st term,12/05/2005,12/8/2005,43,52,5,,,,,https://www.presidency.ucsb.edu/statistics/data/george-w-bush-public-approval
George W. Bush,1st term,11/17/2005,11/20/2005,38,57,5,,,,,https://www.presidency.ucsb.edu/statistics/data/george-w-bush-public-approval
George W. Bush,1st term,11/11/2005,11/13/2005,37,60,3,,,,,https://www.presidency.ucsb.edu/statistics/data/george-w-bush-public-approval
George W. Bush,1st term,11/7/2005,11/10/2005,40,55,5,,,,,https://www.presidency.ucsb.edu/statistics/data/george-w-bush-public-approval
George W. Bush,1st term,10/28/2005,10/30/2005,41,56,3,,,,,https://www.presidency.ucsb.edu/statistics/data/george-w-bush-public-approval
George W. Bush,1st term,10/21/2005,10/23/2005,42,55,3,,,,,https://www.presidency.ucsb.edu/statistics/data/george-w-bush-public-approval
George W. Bush,1st term,10/13/2005,10/16/2005,39,58,3,,,,,https://www.presidency.ucsb.edu/statistics/data/george-w-bush-public-approval
George W. Bush,1st term,09/26/2005,09/28/2005,44,50,6,,,,,https://www.presidency.ucsb.edu/statistics/data/george-w-bush-public-approval
George W. Bush,1st term,09/16/2005,09/18/2005,40,58,2,,,,,https://www.presidency.ucsb.edu/statistics/data/george-w-bush-public-approval
George W. Bush,1st term,09/12/2005,09/15/2005,45,52,3,,,,,https://www.presidency.ucsb.edu/statistics/data/george-w-bush-public-approval
George W. Bush,1st term,09/08/2005,09/11/2005,46,51,3,,,,,https://www.presidency.ucsb.edu/statistics/data/george-w-bush-public-approval
George W. Bush,1st term,08/28/2005,08/30/2005,45,52,3,,,,,https://www.presidency.ucsb.edu/statistics/data/george-w-bush-public-approval
George W. Bush,1st term,08/22/2005,08/25/2005,40,58,2,,,,,https://www.presidency.ucsb.edu/statistics/data/george-w-bush-public-approval
George W. Bush,1st term,08/08/2005,08/11/2005,45,51,4,,,,,https://www.presidency.ucsb.edu/statistics/data/george-w-bush-public-approval
George W. Bush,1st term,08/05/2005,08/07/2005,45,51,4,,,,,https://www.presidency.ucsb.edu/statistics/data/george-w-bush-public-approval
George W. Bush,1st term,07/25/2005,07/28/2005,44,51,5,,,,,https://www.presidency.ucsb.edu/statistics/data/george-w-bush-public-approval
George W. Bush,1st term,07/22/2005,07/24/2005,49,48,3,,,,,https://www.presidency.ucsb.edu/statistics/data/george-w-bush-public-approval
George W. Bush,1st term,07/07/2005,07/10/2005,49,48,3,,,,,https://www.presidency.ucsb.edu/statistics/data/george-w-bush-public-approval
George W. Bush,1st term,06/29/2005,06/30/2005,46,51,3,,,,,https://www.presidency.ucsb.edu/statistics/data/george-w-bush-public-approval
George W. Bush,1st term,06/24/2005,06/26/2005,45,53,2,,,,,https://www.presidency.ucsb.edu/statistics/data/george-w-bush-public-approval
George W. Bush,1st term,06/16/2005,06/19/2005,47,51,2,,,,,https://www.presidency.ucsb.edu/statistics/data/george-w-bush-public-approval
George W. Bush,1st term,06/06/2005,06/08/2005,47,49,4,,,,,https://www.presidency.ucsb.edu/statistics/data/george-w-bush-public-approval
George W. Bush,1st term,05/23/2005,05/26/2005,48,47,5,,,,,https://www.presidency.ucsb.edu/statistics/data/george-w-bush-public-approval
George W. Bush,1st term,05/20/2005,05/22/2005,46,50,4,,,,,https://www.presidency.ucsb.edu/statistics/data/george-w-bush-public-approval
George W. Bush,1st term,05/02/2005,05/05/2005,50,45,5,,,,,https://www.presidency.ucsb.edu/statistics/data/george-w-bush-public-approval
George W. Bush,1st term,04/29/2005,05/01/2005,48,49,3,,,,,https://www.presidency.ucsb.edu/statistics/data/george-w-bush-public-approval
George W. Bush,1st term,04/18/2005,04/21/2005,48,49,3,,,,,https://www.presidency.ucsb.edu/statistics/data/george-w-bush-public-approval
George W. Bush,1st term,04/04/2005,04/07/2005,50,45,5,,,,,https://www.presidency.ucsb.edu/statistics/data/george-w-bush-public-approval
George W. Bush,1st term,04/01/2005,04/02/2005,48,48,4,,,,,https://www.presidency.ucsb.edu/statistics/data/george-w-bush-public-approval
George W. Bush,1st term,03/21/2005,03/23/2005,45,49,6,,,,,https://www.presidency.ucsb.edu/statistics/data/george-w-bush-public-approval
George W. Bush,1st term,03/18/2005,03/20/2005,52,44,4,,,,,https://www.presidency.ucsb.edu/statistics/data/george-w-bush-public-approval
George W. Bush,1st term,03/07/2005,03/10/2005,52,44,4,,,,,https://www.presidency.ucsb.edu/statistics/data/george-w-bush-public-approval
George W. Bush,1st term,2/25/2005,2/27/2005,52,45,3,,,,,https://www.presidency.ucsb.edu/statistics/data/george-w-bush-public-approval
George W. Bush,1st term,02/21/2005,02/24/2005,51,45,4,,,,,https://www.presidency.ucsb.edu/statistics/data/george-w-bush-public-approval
George W. Bush,1st term,02/07/2005,2/10/2005,49,48,3,,,,,https://www.presidency.ucsb.edu/statistics/data/george-w-bush-public-approval
George W. Bush,1st term,2/4/2005,2/6/2005,57,40,3,,,,,https://www.presidency.ucsb.edu/statistics/data/george-w-bush-public-approval
George W. Bush,1st term,1/14/2005,1/16/2005,51,46,3,,,,,https://www.presidency.ucsb.edu/statistics/data/george-w-bush-public-approval
George W. Bush,1st term,1/7/2005,1/9/2005,52,44,4,,,,,https://www.presidency.ucsb.edu/statistics/data/george-w-bush-public-approval
George W. Bush,1st term,1/3/2005,1/5/2005,52,44,4,,,,,https://www.presidency.ucsb.edu/statistics/data/george-w-bush-public-approval
George W. Bush,1st term,12/17/2004,12/19/2004,49,46,5,,,,,https://www.presidency.ucsb.edu/statistics/data/george-w-bush-public-approval
George W. Bush,1st term,12/05/2004,12/08/2004,53,44,3,,,,,https://www.presidency.ucsb.edu/statistics/data/george-w-bush-public-approval
George W. Bush,1st term,11/19/2004,11/21/2004,55,42,3,,,,,https://www.presidency.ucsb.edu/statistics/data/george-w-bush-public-approval
George W. Bush,1st term,11/07/2004,11/10/2004,53,44,3,,,,,https://www.presidency.ucsb.edu/statistics/data/george-w-bush-public-approval
George W. Bush,1st term,10/29/2004,10/31/2004,48,47,5,,,,,https://www.presidency.ucsb.edu/statistics/data/george-w-bush-public-approval
George W. Bush,1st term,10/22/2004,10/24/2004,51,46,3,,,,,https://www.presidency.ucsb.edu/statistics/data/george-w-bush-public-approval
George W. Bush,1st term,10/14/2004,10/16/2004,51,47,2,,,,,https://www.presidency.ucsb.edu/statistics/data/george-w-bush-public-approval
George W. Bush,1st term,10/11/2004,10/14/2004,48,49,3,,,,,https://www.presidency.ucsb.edu/statistics/data/george-w-bush-public-approval
George W. Bush,1st term,10/09/2004,10/10/2004,47,49,4,,,,,https://www.presidency.ucsb.edu/statistics/data/george-w-bush-public-approval
George W. Bush,1st term,10/01/2004,10/03/2004,50,48,2,,,,,https://www.presidency.ucsb.edu/statistics/data/george-w-bush-public-approval
George W. Bush,1st term,09/24/2004,09/26/2004,54,44,2,,,,,https://www.presidency.ucsb.edu/statistics/data/george-w-bush-public-approval
George W. Bush,1st term,09/13/2004,09/15/2004,52,45,3,,,,,https://www.presidency.ucsb.edu/statistics/data/george-w-bush-public-approval
George W. Bush,1st term,09/03/2004,09/05/2004,52,46,2,,,,,https://www.presidency.ucsb.edu/statistics/data/george-w-bush-public-approval
George W. Bush,1st term,08/23/2004,08/25/2004,49,47,4,,,,,https://www.presidency.ucsb.edu/statistics/data/george-w-bush-public-approval
George W. Bush,1st term,08/09/2004,08/11/2004,51,46,3,,,,,https://www.presidency.ucsb.edu/statistics/data/george-w-bush-public-approval
George W. Bush,1st term,07/30/2004,08/01/2004,48,49,3,,,,,https://www.presidency.ucsb.edu/statistics/data/george-w-bush-public-approval
George W. Bush,1st term,07/19/2004,07/21/2004,49,47,4,,,,,https://www.presidency.ucsb.edu/statistics/data/george-w-bush-public-approval
George W. Bush,1st term,07/08/2004,07/11/2004,47,49,4,,,,,https://www.presidency.ucsb.edu/statistics/data/george-w-bush-public-approval
George W. Bush,1st term,06/21/2004,06/23/2004,48,49,3,,,,,https://www.presidency.ucsb.edu/statistics/data/george-w-bush-public-approval
George W. Bush,1st term,06/03/2004,06/06/2004,49,49,2,,,,,https://www.presidency.ucsb.edu/statistics/data/george-w-bush-public-approval
George W. Bush,1st term,05/21/2004,05/23/2004,47,49,4,,,,,https://www.presidency.ucsb.edu/statistics/data/george-w-bush-public-approval
George W. Bush,1st term,05/07/2004,05/09/2004,46,51,3,,,,,https://www.presidency.ucsb.edu/statistics/data/george-w-bush-public-approval
George W. Bush,1st term,05/02/2004,05/04/2004,49,48,3,,,,,https://www.presidency.ucsb.edu/statistics/data/george-w-bush-public-approval
George W. Bush,1st term,04/16/2004,04/18/2004,52,45,3,,,,,https://www.presidency.ucsb.edu/statistics/data/george-w-bush-public-approval
George W. Bush,1st term,04/05/2004,04/08/2004,52,45,3,,,,,https://www.presidency.ucsb.edu/statistics/data/george-w-bush-public-approval
George W. Bush,1st term,03/26/2004,03/28/2004,53,44,3,,,,,https://www.presidency.ucsb.edu/statistics/data/george-w-bush-public-approval
George W. Bush,1st term,03/08/2004,03/11/2004,50,47,3,,,,,https://www.presidency.ucsb.edu/statistics/data/george-w-bush-public-approval
George W. Bush,1st term,03/05/2004,03/07/2004,49,48,3,,,,,https://www.presidency.ucsb.edu/statistics/data/george-w-bush-public-approval
George W. Bush,1st term,2/16/2004,2/17/2004,51,46,3,,,,,https://www.presidency.ucsb.edu/statistics/data/george-w-bush-public-approval
George W. Bush,1st term,2/9/2004,2/12/2004,51,46,3,,,,,https://www.presidency.ucsb.edu/statistics/data/george-w-bush-public-approval
George W. Bush,1st term,2/6/2004,2/8/2004,52,44,4,,,,,https://www.presidency.ucsb.edu/statistics/data/george-w-bush-public-approval
George W. Bush,1st term,01/29/2004,02/01/2004,49,48,3,,,,,https://www.presidency.ucsb.edu/statistics/data/george-w-bush-public-approval
George W. Bush,1st term,1/12/2004,1/15/2004,53,44,3,,,,,https://www.presidency.ucsb.edu/statistics/data/george-w-bush-public-approval
George W. Bush,1st term,1/9/2004,1/11/2004,59,38,3,,,,,https://www.presidency.ucsb.edu/statistics/data/george-w-bush-public-approval
George W. Bush,1st term,1/2/2004,1/5/2004,60,35,5,,,,,https://www.presidency.ucsb.edu/statistics/data/george-w-bush-public-approval
George W. Bush,1st term,12/15/2003,12/16/2003,63,34,3,,,,,https://www.presidency.ucsb.edu/statistics/data/george-w-bush-public-approval
George W. Bush,1st term,12/11/2003,12/14/2003,56,41,3,,,,,https://www.presidency.ucsb.edu/statistics/data/george-w-bush-public-approval
George W. Bush,1st term,12/05/2003,12/07/2003,55,43,2,,,,,https://www.presidency.ucsb.edu/statistics/data/george-w-bush-public-approval
George W. Bush,1st term,11/14/2003,11/16/2003,50,47,3,,,,,https://www.presidency.ucsb.edu/statistics/data/george-w-bush-public-approval
George W. Bush,1st term,11/10/2003,11/12/2003,51,45,4,,,,,https://www.presidency.ucsb.edu/statistics/data/george-w-bush-public-approval
George W. Bush,1st term,11/03/2003,11/05/2003,54,43,3,,,,,https://www.presidency.ucsb.edu/statistics/data/george-w-bush-public-approval
George W. Bush,1st term,10/24/2003,10/26/2003,53,42,5,,,,,https://www.presidency.ucsb.edu/statistics/data/george-w-bush-public-approval
George W. Bush,1st term,10/10/2003,10/12/2003,56,40,4,,,,,https://www.presidency.ucsb.edu/statistics/data/george-w-bush-public-approval
George W. Bush,1st term,10/06/2003,10/08/2003,55,42,3,,,,,https://www.presidency.ucsb.edu/statistics/data/george-w-bush-public-approval
George W. Bush,1st term,09/19/2003,09/21/2003,50,47,3,,,,,https://www.presidency.ucsb.edu/statistics/data/george-w-bush-public-approval
George W. Bush,1st term,09/08/2003,09/10/2003,52,43,5,,,,,https://www.presidency.ucsb.edu/statistics/data/george-w-bush-public-approval
George W. Bush,1st term,08/25/2003,08/26/2003,59,37,4,,,,,https://www.presidency.ucsb.edu/statistics/data/george-w-bush-public-approval
George W. Bush,1st term,08/04/2003,08/06/2003,60,36,4,,,,,https://www.presidency.ucsb.edu/statistics/data/george-w-bush-public-approval
George W. Bush,1st term,07/25/2003,07/27/2003,58,38,4,,,,,https://www.presidency.ucsb.edu/statistics/data/george-w-bush-public-approval
George W. Bush,1st term,07/18/2003,07/20/2003,59,38,3,,,,,https://www.presidency.ucsb.edu/statistics/data/george-w-bush-public-approval
George W. Bush,1st term,07/07/2003,07/09/2003,62,34,4,,,,,https://www.presidency.ucsb.edu/statistics/data/george-w-bush-public-approval
George W. Bush,1st term,06/27/2003,06/29/2003,61,36,3,,,,,https://www.presidency.ucsb.edu/statistics/data/george-w-bush-public-approval
George W. Bush,1st term,06/12/2003,06/15/2003,63,33,4,,,,,https://www.presidency.ucsb.edu/statistics/data/george-w-bush-public-approval
George W. Bush,1st term,06/09/2003,06/10/2003,62,34,4,,,,,https://www.presidency.ucsb.edu/statistics/data/george-w-bush-public-approval
George W. Bush,1st term,05/30/2003,06/01/2003,64,32,4,,,,,https://www.presidency.ucsb.edu/statistics/data/george-w-bush-public-approval
George W. Bush,1st term,05/19/2003,05/21/2003,66,30,4,,,,,https://www.presidency.ucsb.edu/statistics/data/george-w-bush-public-approval
George W. Bush,1st term,05/05/2003,05/07/2003,69,28,3,,,,,https://www.presidency.ucsb.edu/statistics/data/george-w-bush-public-approval
George W. Bush,1st term,04/22/2003,04/23/2003,70,26,4,,,,,https://www.presidency.ucsb.edu/statistics/data/george-w-bush-public-approval
George W. Bush,1st term,04/14/2003,04/16/2003,71,24,5,,,,,https://www.presidency.ucsb.edu/statistics/data/george-w-bush-public-approval
George W. Bush,1st term,04/07/2003,04/09/2003,69,26,5,,,,,https://www.presidency.ucsb.edu/statistics/data/george-w-bush-public-approval
George W. Bush,1st term,04/05/2003,04/06/2003,70,27,3,,,,,https://www.presidency.ucsb.edu/statistics/data/george-w-bush-public-approval
George W. Bush,1st term,03/29/2003,03/30/2003,71,26,3,,,,,https://www.presidency.ucsb.edu/statistics/data/george-w-bush-public-approval
George W. Bush,1st term,03/24/2003,03/25/2003,69,27,4,,,,,https://www.presidency.ucsb.edu/statistics/data/george-w-bush-public-approval
George W. Bush,1st term,03/22/2003,03/23/2003,71,25,4,,,,,https://www.presidency.ucsb.edu/statistics/data/george-w-bush-public-approval
George W. Bush,1st term,03/14/2003,03/15/2003,58,38,4,,,,,https://www.presidency.ucsb.edu/statistics/data/george-w-bush-public-approval
George W. Bush,1st term,03/03/2003,03/05/2003,57,37,6,,,,,https://www.presidency.ucsb.edu/statistics/data/george-w-bush-public-approval
George W. Bush,1st term,02/24/2003,02/26/2003,57,37,6,,,,,https://www.presidency.ucsb.edu/statistics/data/george-w-bush-public-approval
George W. Bush,1st term,2/17/2003,2/19/2003,58,37,5,,,,,https://www.presidency.ucsb.edu/statistics/data/george-w-bush-public-approval
George W. Bush,1st term,2/7/2003,2/9/2003,61,34,5,,,,,https://www.presidency.ucsb.edu/statistics/data/george-w-bush-public-approval
George W. Bush,1st term,02/03/2003,02/06/2003,59,35,6,,,,,https://www.presidency.ucsb.edu/statistics/data/george-w-bush-public-approval
George W. Bush,1st term,1/31/2003,2/2/2003,61,35,4,,,,,https://www.presidency.ucsb.edu/statistics/data/george-w-bush-public-approval
George W. Bush,1st term,01/23/2003,1/25/2003,60,36,4,,,,,https://www.presidency.ucsb.edu/statistics/data/george-w-bush-public-approval
George W. Bush,1st term,1/20/2003,01/22/2003,58,36,6,,,,,https://www.presidency.ucsb.edu/statistics/data/george-w-bush-public-approval
George W. Bush,1st term,1/13/2003,1/16/2003,61,34,5,,,,,https://www.presidency.ucsb.edu/statistics/data/george-w-bush-public-approval
George W. Bush,1st term,1/10/2003,1/12/2003,58,37,5,,,,,https://www.presidency.ucsb.edu/statistics/data/george-w-bush-public-approval
George W. Bush,1st term,01/03/2003,01/05/2003,63,32,5,,,,,https://www.presidency.ucsb.edu/statistics/data/george-w-bush-public-approval
George W. Bush,1st term,12/19/2002,12/22/2002,61,32,7,,,,,https://www.presidency.ucsb.edu/statistics/data/george-w-bush-public-approval
George W. Bush,1st term,12/16/2002,12/17/2002,63,33,4,,,,,https://www.presidency.ucsb.edu/statistics/data/george-w-bush-public-approval
George W. Bush,1st term,12/09/2002,12/10/2002,63,32,5,,,,,https://www.presidency.ucsb.edu/statistics/data/george-w-bush-public-approval
George W. Bush,1st term,12/05/2002,12/08/2002,64,29,7,,,,,https://www.presidency.ucsb.edu/statistics/data/george-w-bush-public-approval
George W. Bush,1st term,11/22/2002,11/24/2002,65,28,7,,,,,https://www.presidency.ucsb.edu/statistics/data/george-w-bush-public-approval
George W. Bush,1st term,11/11/2002,11/14/2002,66,26,8,,,,,https://www.presidency.ucsb.edu/statistics/data/george-w-bush-public-approval
George W. Bush,1st term,11/08/2002,11/10/2002,68,27,5,,,,,https://www.presidency.ucsb.edu/statistics/data/george-w-bush-public-approval
George W. Bush,1st term,10/31/2002,11/03/2002,63,29,8,,,,,https://www.presidency.ucsb.edu/statistics/data/george-w-bush-public-approval
George W. Bush,1st term,10/21/2002,10/22/2002,67,28,5,,,,,https://www.presidency.ucsb.edu/statistics/data/george-w-bush-public-approval
George W. Bush,1st term,10/14/2002,10/17/2002,62,31,7,,,,,https://www.presidency.ucsb.edu/statistics/data/george-w-bush-public-approval
George W. Bush,1st term,10/03/2002,10/06/2002,67,28,5,,,,,https://www.presidency.ucsb.edu/statistics/data/george-w-bush-public-approval
George W. Bush,1st term,09/23/2002,09/26/2002,68,26,6,,,,,https://www.presidency.ucsb.edu/statistics/data/george-w-bush-public-approval
George W. Bush,1st term,09/20/2002,09/22/2002,66,30,4,,,,,https://www.presidency.ucsb.edu/statistics/data/george-w-bush-public-approval
George W. Bush,1st term,09/13/2002,09/16/2002,70,26,4,,,,,https://www.presidency.ucsb.edu/statistics/data/george-w-bush-public-approval
George W. Bush,1st term,09/05/2002,09/08/2002,66,30,4,,,,,https://www.presidency.ucsb.edu/statistics/data/george-w-bush-public-approval
George W. Bush,1st term,09/02/2002,09/04/2002,66,29,5,,,,,https://www.presidency.ucsb.edu/statistics/data/george-w-bush-public-approval
George W. Bush,1st term,08/19/2002,08/21/2002,65,28,7,,,,,https://www.presidency.ucsb.edu/statistics/data/george-w-bush-public-approval
George W. Bush,1st term,08/05/2002,08/08/2002,68,26,6,,,,,https://www.presidency.ucsb.edu/statistics/data/george-w-bush-public-approval
George W. Bush,1st term,07/29/2002,07/31/2002,71,23,6,,,,,https://www.presidency.ucsb.edu/statistics/data/george-w-bush-public-approval
George W. Bush,1st term,07/26/2002,07/28/2002,69,26,5,,,,,https://www.presidency.ucsb.edu/statistics/data/george-w-bush-public-approval
George W. Bush,1st term,07/22/2002,07/24/2002,69,24,7,,,,,https://www.presidency.ucsb.edu/statistics/data/george-w-bush-public-approval
George W. Bush,1st term,07/09/2002,07/11/2002,73,21,6,,,,,https://www.presidency.ucsb.edu/statistics/data/george-w-bush-public-approval
George W. Bush,1st term,07/05/2002,07/08/2002,76,18,6,,,,,https://www.presidency.ucsb.edu/statistics/data/george-w-bush-public-approval
George W. Bush,1st term,06/28/2002,06/30/2002,76,19,5,,,,,https://www.presidency.ucsb.edu/statistics/data/george-w-bush-public-approval
George W. Bush,1st term,06/21/2002,06/23/2002,73,21,6,,,,,https://www.presidency.ucsb.edu/statistics/data/george-w-bush-public-approval
George W. Bush,1st term,06/17/2002,06/19/2002,74,20,6,,,,,https://www.presidency.ucsb.edu/statistics/data/george-w-bush-public-approval
George W. Bush,1st term,06/07/2002,06/08/2002,74,18,8,,,,,https://www.presidency.ucsb.edu/statistics/data/george-w-bush-public-approval
George W. Bush,1st term,06/03/2002,06/06/2002,70,23,7,,,,,https://www.presidency.ucsb.edu/statistics/data/george-w-bush-public-approval
George W. Bush,1st term,05/28/2002,05/29/2002,77,17,6,,,,,https://www.presidency.ucsb.edu/statistics/data/george-w-bush-public-approval
George W. Bush,1st term,05/20/2002,05/22/2002,76,17,7,,,,,https://www.presidency.ucsb.edu/statistics/data/george-w-bush-public-approval
George W. Bush,1st term,05/06/2002,05/09/2002,76,19,5,,,,,https://www.presidency.ucsb.edu/statistics/data/george-w-bush-public-approval
George W. Bush,1st term,4/29/2002,5/1/2002,77,20,3,,,,,https://www.presidency.ucsb.edu/statistics/data/george-w-bush-public-approval
George W. Bush,1st term,04/22/2002,04/24/2002,77,17,6,,,,,https://www.presidency.ucsb.edu/statistics/data/george-w-bush-public-approval
George W. Bush,1st term,4/8/2002,4/11/2002,75,20,5,,,,,https://www.presidency.ucsb.edu/statistics/data/george-w-bush-public-approval
George W. Bush,1st term,04/05/2002,4/7/2002,76,19,5,,,,,https://www.presidency.ucsb.edu/statistics/data/george-w-bush-public-approval
George W. Bush,1st term,03/22/2002,3/24/2002,79,17,4,,,,,https://www.presidency.ucsb.edu/statistics/data/george-w-bush-public-approval
George W. Bush,1st term,03/18/2002,03/20/2002,79,16,5,,,,,https://www.presidency.ucsb.edu/statistics/data/george-w-bush-public-approval
George W. Bush,1st term,3/8/2002,3/9/2002,80,14,6,,,,,https://www.presidency.ucsb.edu/statistics/data/george-w-bush-public-approval
George W. Bush,1st term,3/4/2002,3/7/2002,77,18,5,,,,,https://www.presidency.ucsb.edu/statistics/data/george-w-bush-public-approval
George W. Bush,1st term,03/01/2002,03/03/2002,81,14,5,,,,,https://www.presidency.ucsb.edu/statistics/data/george-w-bush-public-approval
George W. Bush,1st term,02/08/2002,02/10/2002,82,14,4,,,,,https://www.presidency.ucsb.edu/statistics/data/george-w-bush-public-approval
George W. Bush,1st term,02/04/2002,02/06/2002,82,14,4,,,,,https://www.presidency.ucsb.edu/statistics/data/george-w-bush-public-approval
George W. Bush,1st term,01/25/2002,01/27/2002,84,13,3,,,,,https://www.presidency.ucsb.edu/statistics/data/george-w-bush-public-approval
George W. Bush,1st term,01/11/2002,01/14/2002,83,13,4,,,,,https://www.presidency.ucsb.edu/statistics/data/george-w-bush-public-approval
George W. Bush,1st term,01/07/2002,01/09/2002,84,12,4,,,,,https://www.presidency.ucsb.edu/statistics/data/george-w-bush-public-approval
George W. Bush,1st term,12/14/2001,12/16/2001,86,11,3,,,,,https://www.presidency.ucsb.edu/statistics/data/george-w-bush-public-approval
George W. Bush,1st term,12/06/2001,12/09/2001,86,10,4,,,,,https://www.presidency.ucsb.edu/statistics/data/george-w-bush-public-approval
George W. Bush,1st term,11/26/2001,11/27/2001,87,8,5,,,,,https://www.presidency.ucsb.edu/statistics/data/george-w-bush-public-approval
George W. Bush,1st term,11/08/2001,11/11/2001,87,9,4,,,,,https://www.presidency.ucsb.edu/statistics/data/george-w-bush-public-approval
George W. Bush,1st term,11/02/2001,11/04/2001,87,9,4,,,,,https://www.presidency.ucsb.edu/statistics/data/george-w-bush-public-approval
George W. Bush,1st term,10/19/2001,10/21/2001,88,9,3,,,,,https://www.presidency.ucsb.edu/statistics/data/george-w-bush-public-approval
George W. Bush,1st term,10/11/2001,10/14/2001,89,8,3,,,,,https://www.presidency.ucsb.edu/statistics/data/george-w-bush-public-approval
George W. Bush,1st term,10/05/2001,10/06/2001,87,10,3,,,,,https://www.presidency.ucsb.edu/statistics/data/george-w-bush-public-approval
George W. Bush,1st term,09/21/2001,09/22/2001,90,6,4,,,,,https://www.presidency.ucsb.edu/statistics/data/george-w-bush-public-approval
George W. Bush,1st term,09/14/2001,09/15/2001,86,10,4,,,,,https://www.presidency.ucsb.edu/statistics/data/george-w-bush-public-approval
George W. Bush,1st term,09/07/2001,09/10/2001,51,39,10,,,,,https://www.presidency.ucsb.edu/statistics/data/george-w-bush-public-approval
George W. Bush,1st term,08/24/2001,08/26/2001,55,36,9,,,,,https://www.presidency.ucsb.edu/statistics/data/george-w-bush-public-approval
George W. Bush,1st term,08/16/2001,08/19/2001,57,34,9,,,,,https://www.presidency.ucsb.edu/statistics/data/george-w-bush-public-approval
George W. Bush,1st term,08/10/2001,08/12/2001,57,35,8,,,,,https://www.presidency.ucsb.edu/statistics/data/george-w-bush-public-approval
George W. Bush,1st term,08/03/2001,08/05/2001,55,35,10,,,,,https://www.presidency.ucsb.edu/statistics/data/george-w-bush-public-approval
George W. Bush,1st term,07/19/2001,07/22/2001,56,33,11,,,,,https://www.presidency.ucsb.edu/statistics/data/george-w-bush-public-approval
George W. Bush,1st term,07/10/2001,07/11/2001,57,35,8,,,,,https://www.presidency.ucsb.edu/statistics/data/george-w-bush-public-approval
George W. Bush,1st term,06/28/2001,07/01/2001,52,34,14,,,,,https://www.presidency.ucsb.edu/statistics/data/george-w-bush-public-approval
George W. Bush,1st term,06/11/2001,06/17/2001,55,33,12,,,,,https://www.presidency.ucsb.edu/statistics/data/george-w-bush-public-approval
George W. Bush,1st term,6/8/2001,6/10/2001,55,35,10,,,,,https://www.presidency.ucsb.edu/statistics/data/george-w-bush-public-approval
George W. Bush,1st term,5/18/2001,5/20/2001,56,36,8,,,,,https://www.presidency.ucsb.edu/statistics/data/george-w-bush-public-approval
George W. Bush,1st term,5/10/2001,5/14/2001,56,31,13,,,,,https://www.presidency.ucsb.edu/statistics/data/george-w-bush-public-approval
George W. Bush,1st term,5/7/2001,5/9/2001,53,33,14,,,,,https://www.presidency.ucsb.edu/statistics/data/george-w-bush-public-approval
George W. Bush,1st term,4/20/2001,4/22/2001,62,29,9,,,,,https://www.presidency.ucsb.edu/statistics/data/george-w-bush-public-approval
George W. Bush,1st term,4/6/2001,4/8/2001,59,30,11,,,,,https://www.presidency.ucsb.edu/statistics/data/george-w-bush-public-approval
George W. Bush,1st term,3/26/2001,3/28/2001,53,29,18,,,,,https://www.presidency.ucsb.edu/statistics/data/george-w-bush-public-approval
George W. Bush,1st term,3/9/2001,3/11/2001,58,29,13,,,,,https://www.presidency.ucsb.edu/statistics/data/george-w-bush-public-approval
George W. Bush,1st term,3/5/2001,3/7/2001,63,22,15,,,,,https://www.presidency.ucsb.edu/statistics/data/george-w-bush-public-approval
George W. Bush,1st term,2/19/2001,2/21/2001,62,21,17,,,,,https://www.presidency.ucsb.edu/statistics/data/george-w-bush-public-approval
George W. Bush,1st term,2/9/2001,2/11/2001,57,25,18,,,,,https://www.presidency.ucsb.edu/statistics/data/george-w-bush-public-approval
George W. Bush,1st term,2/1/2001,2/4/2001,57,25,18,,,,,https://www.presidency.ucsb.edu/statistics/data/george-w-bush-public-approval
William J. Clinton,1st term,01/10/2001,01/14/2001,66,29,5,93,66,39,,https://www.presidency.ucsb.edu/statistics/data/william-j-clinton-public-approval
William J. Clinton,1st term,01/05/2001,01/07/2001,65,31,4,91,67,34,,https://www.presidency.ucsb.edu/statistics/data/william-j-clinton-public-approval
William J. Clinton,1st term,12/15/2000,12/17/2000,66,32,2,92,67,33,,https://www.presidency.ucsb.edu/statistics/data/william-j-clinton-public-approval
William J. Clinton,1st term,12/02/2000,12/04/2000,60,35,5,87,59,29,,https://www.presidency.ucsb.edu/statistics/data/william-j-clinton-public-approval
William J. Clinton,1st term,11/13/2000,11/15/2000,63,33,4,91,70,25,,https://www.presidency.ucsb.edu/statistics/data/william-j-clinton-public-approval
William J. Clinton,1st term,10/25/2000,10/28/2000,57,38,5,84,56,23,,https://www.presidency.ucsb.edu/statistics/data/william-j-clinton-public-approval
William J. Clinton,1st term,10/06/2000,10/09/2000,58,37,5,91,55,23,,https://www.presidency.ucsb.edu/statistics/data/william-j-clinton-public-approval
William J. Clinton,1st term,09/11/2000,09/13/2000,60,34,6,89,58,26,,https://www.presidency.ucsb.edu/statistics/data/william-j-clinton-public-approval
William J. Clinton,1st term,08/29/2000,09/03/2000,62,35,3,90,60,32,,https://www.presidency.ucsb.edu/statistics/data/william-j-clinton-public-approval
William J. Clinton,1st term,08/18/2000,08/19/2000,62,35,3,89,61,27,,https://www.presidency.ucsb.edu/statistics/data/william-j-clinton-public-approval
William J. Clinton,1st term,08/11/2000,08/12/2000,58,39,3,88,60,26,,https://www.presidency.ucsb.edu/statistics/data/william-j-clinton-public-approval
William J. Clinton,1st term,08/04/2000,08/05/2000,57,40,3,88,54,30,,https://www.presidency.ucsb.edu/statistics/data/william-j-clinton-public-approval
William J. Clinton,1st term,07/25/2000,07/26/2000,57,39,4,88,50,29,,https://www.presidency.ucsb.edu/statistics/data/william-j-clinton-public-approval
William J. Clinton,1st term,07/14/2000,07/16/2000,59,37,4,85,65,27,,https://www.presidency.ucsb.edu/statistics/data/william-j-clinton-public-approval
William J. Clinton,1st term,07/06/2000,07/09/2000,59,36,5,87,59,28,,https://www.presidency.ucsb.edu/statistics/data/william-j-clinton-public-approval
William J. Clinton,1st term,06/22/2000,06/25/2000,55,40,5,82,55,25,,https://www.presidency.ucsb.edu/statistics/data/william-j-clinton-public-approval
William J. Clinton,1st term,06/06/2000,06/07/2000,60,36,4,83,63,32,,https://www.presidency.ucsb.edu/statistics/data/william-j-clinton-public-approval
William J. Clinton,1st term,05/18/2000,05/21/2000,57,37,6,91,51,26,,https://www.presidency.ucsb.edu/statistics/data/william-j-clinton-public-approval
William J. Clinton,1st term,05/04/2000,05/07/2000,57,36,7,83,58,27,,https://www.presidency.ucsb.edu/statistics/data/william-j-clinton-public-approval
William J. Clinton,1st term,04/28/2000,04/30/2000,59,39,2,86,62,25,,https://www.presidency.ucsb.edu/statistics/data/william-j-clinton-public-approval
William J. Clinton,1st term,03/30/2000,04/02/2000,62,34,4,91,56,39,,https://www.presidency.ucsb.edu/statistics/data/william-j-clinton-public-approval
William J. Clinton,1st term,03/17/2000,03/19/2000,56,39,5,83,57,25,,https://www.presidency.ucsb.edu/statistics/data/william-j-clinton-public-approval
William J. Clinton,1st term,03/10/2000,03/12/2000,63,34,3,89,65,31,,https://www.presidency.ucsb.edu/statistics/data/william-j-clinton-public-approval
William J. Clinton,1st term,02/25/2000,02/27/2000,57,39,4,88,55,29,,https://www.presidency.ucsb.edu/statistics/data/william-j-clinton-public-approval
William J. Clinton,1st term,02/14/2000,02/15/2000,62,34,4,87,60,32,,https://www.presidency.ucsb.edu/statistics/data/william-j-clinton-public-approval
William J. Clinton,1st term,02/04/2000,02/06/2000,63,33,4,89,61,36,,https://www.presidency.ucsb.edu/statistics/data/william-j-clinton-public-approval
William J. Clinton,1st term,01/25/2000,01/26/2000,64,32,4,91,64,33,,https://www.presidency.ucsb.edu/statistics/data/william-j-clinton-public-approval
William J. Clinton,1st term,01/17/2000,01/20/2000,62,35,3,89,62,34,,https://www.presidency.ucsb.edu/statistics/data/william-j-clinton-public-approval
William J. Clinton,1st term,01/13/2000,01/16/2000,59,37,4,85,62,30,,https://www.presidency.ucsb.edu/statistics/data/william-j-clinton-public-approval
William J. Clinton,1st term,01/07/2000,01/10/2000,63,35,2,87,63,35,,https://www.presidency.ucsb.edu/statistics/data/william-j-clinton-public-approval
William J. Clinton,1st term,12/20/1999,12/21/1999,57,36,7,83,55,29,,https://www.presidency.ucsb.edu/statistics/data/william-j-clinton-public-approval
William J. Clinton,1st term,12/09/1999,12/12/1999,56,41,3,83,55,28,,https://www.presidency.ucsb.edu/statistics/data/william-j-clinton-public-approval
William J. Clinton,1st term,11/18/1999,11/21/1999,59,36,5,84,61,31,,https://www.presidency.ucsb.edu/statistics/data/william-j-clinton-public-approval
William J. Clinton,1st term,11/04/1999,11/07/1999,58,38,4,82,59,28,,https://www.presidency.ucsb.edu/statistics/data/william-j-clinton-public-approval
William J. Clinton,1st term,10/21/1999,10/24/1999,59,36,5,83,60,28,,https://www.presidency.ucsb.edu/statistics/data/william-j-clinton-public-approval
William J. Clinton,1st term,10/08/1999,10/10/1999,56,39,5,85,55,27,,https://www.presidency.ucsb.edu/statistics/data/william-j-clinton-public-approval
William J. Clinton,1st term,09/23/1999,09/26/1999,59,38,3,85,60,32,,https://www.presidency.ucsb.edu/statistics/data/william-j-clinton-public-approval
William J. Clinton,1st term,09/10/1999,09/14/1999,60,38,2,86,61,30,,https://www.presidency.ucsb.edu/statistics/data/william-j-clinton-public-approval
William J. Clinton,1st term,08/24/1999,08/26/1999,60,35,5,87,60,33,,https://www.presidency.ucsb.edu/statistics/data/william-j-clinton-public-approval
William J. Clinton,1st term,08/16/1999,08/18/1999,59,36,5,87,57,26,,https://www.presidency.ucsb.edu/statistics/data/william-j-clinton-public-approval
William J. Clinton,1st term,08/03/1999,08/04/1999,60,35,5,89,59,31,,https://www.presidency.ucsb.edu/statistics/data/william-j-clinton-public-approval
William J. Clinton,1st term,07/22/1999,07/25/1999,64,31,5,93,57,34,,https://www.presidency.ucsb.edu/statistics/data/william-j-clinton-public-approval
William J. Clinton,1st term,07/16/1999,07/18/1999,58,38,4,87,60,26,,https://www.presidency.ucsb.edu/statistics/data/william-j-clinton-public-approval
William J. Clinton,1st term,07/13/1999,07/14/1999,59,37,4,84,60,33,,https://www.presidency.ucsb.edu/statistics/data/william-j-clinton-public-approval
William J. Clinton,1st term,06/25/1999,06/27/1999,57,41,2,90,53,26,,https://www.presidency.ucsb.edu/statistics/data/william-j-clinton-public-approval
William J. Clinton,1st term,06/11/1999,06/13/1999,60,37,3,85,59,32,,https://www.presidency.ucsb.edu/statistics/data/william-j-clinton-public-approval
William J. Clinton,1st term,06/04/1999,06/05/1999,60,35,5,86,58,29,,https://www.presidency.ucsb.edu/statistics/data/william-j-clinton-public-approval
William J. Clinton,1st term,05/23/1999,05/24/1999,53,42,5,82,50,26,,https://www.presidency.ucsb.edu/statistics/data/william-j-clinton-public-approval
William J. Clinton,1st term,05/07/1999,05/09/1999,60,35,5,85,59,33,,https://www.presidency.ucsb.edu/statistics/data/william-j-clinton-public-approval
William J. Clinton,1st term,04/30/1999,05/02/1999,60,36,4,87,62,25,,https://www.presidency.ucsb.edu/statistics/data/william-j-clinton-public-approval
William J. Clinton,1st term,04/26/1999,04/27/1999,60,35,5,85,56,34,,https://www.presidency.ucsb.edu/statistics/data/william-j-clinton-public-approval
William J. Clinton,1st term,04/13/1999,04/14/1999,60,36,4,89,57,32,,https://www.presidency.ucsb.edu/statistics/data/william-j-clinton-public-approval
William J. Clinton,1st term,04/06/1999,04/07/1999,59,35,6,89,57,27,,https://www.presidency.ucsb.edu/statistics/data/william-j-clinton-public-approval
William J. Clinton,1st term,03/30/1999,03/31/1999,64,32,4,88,63,34,,https://www.presidency.ucsb.edu/statistics/data/william-j-clinton-public-approval
William J. Clinton,1st term,03/19/1999,03/21/1999,64,33,3,89,64,32,,https://www.presidency.ucsb.edu/statistics/data/william-j-clinton-public-approval
William J. Clinton,1st term,03/12/1999,03/14/1999,62,35,3,87,62,32,,https://www.presidency.ucsb.edu/statistics/data/william-j-clinton-public-approval
William J. Clinton,1st term,03/05/1999,03/07/1999,68,28,4,94,70,35,,https://www.presidency.ucsb.edu/statistics/data/william-j-clinton-public-approval
William J. Clinton,1st term,02/26/1999,02/28/1999,66,31,3,89,64,38,,https://www.presidency.ucsb.edu/statistics/data/william-j-clinton-public-approval
William J. Clinton,1st term,02/19/1999,02/21/1999,66,30,4,91,67,34,,https://www.presidency.ucsb.edu/statistics/data/william-j-clinton-public-approval
William J. Clinton,1st term,02/12/1999,02/13/1999,68,30,2,91,69,35,,https://www.presidency.ucsb.edu/statistics/data/william-j-clinton-public-approval
William J. Clinton,1st term,02/04/1999,02/08/1999,65,33,2,90,63,34,,https://www.presidency.ucsb.edu/statistics/data/william-j-clinton-public-approval
William J. Clinton,1st term,01/22/1999,01/24/1999,69,29,2,94,66,36,,https://www.presidency.ucsb.edu/statistics/data/william-j-clinton-public-approval
William J. Clinton,1st term,01/15/1999,01/17/1999,69,29,2,94,70,35,,https://www.presidency.ucsb.edu/statistics/data/william-j-clinton-public-approval
William J. Clinton,1st term,01/08/1999,01/10/1999,67,30,3,90,66,37,,https://www.presidency.ucsb.edu/statistics/data/william-j-clinton-public-approval
William J. Clinton,1st term,12/19/1998,12/20/1998,73,25,2,91,69,41,,https://www.presidency.ucsb.edu/statistics/data/william-j-clinton-public-approval
William J. Clinton,1st term,12/15/1998,12/16/1998,63,33,4,88,61,33,,https://www.presidency.ucsb.edu/statistics/data/william-j-clinton-public-approval
William J. Clinton,1st term,12/12/1998,12/13/1998,64,34,2,88,65,33,,https://www.presidency.ucsb.edu/statistics/data/william-j-clinton-public-approval
William J. Clinton,1st term,12/04/1998,12/06/1998,66,30,4,89,66,39,,https://www.presidency.ucsb.edu/statistics/data/william-j-clinton-public-approval
William J. Clinton,1st term,11/20/1998,11/22/1998,66,30,4,91,65,33,,https://www.presidency.ucsb.edu/statistics/data/william-j-clinton-public-approval
William J. Clinton,1st term,11/13/1998,11/15/1998,66,31,3,89,65,38,,https://www.presidency.ucsb.edu/statistics/data/william-j-clinton-public-approval
William J. Clinton,1st term,10/29/1998,11/01/1998,66,30,4,90,67,35,,https://www.presidency.ucsb.edu/statistics/data/william-j-clinton-public-approval
William J. Clinton,1st term,10/23/1998,10/25/1998,65,32,3,93,67,33,,https://www.presidency.ucsb.edu/statistics/data/william-j-clinton-public-approval
William J. Clinton,1st term,10/09/1998,10/12/1998,65,32,3,89,67,36,,https://www.presidency.ucsb.edu/statistics/data/william-j-clinton-public-approval
William J. Clinton,1st term,10/06/1998,10/07/1998,63,34,3,86,64,32,,https://www.presidency.ucsb.edu/statistics/data/william-j-clinton-public-approval
William J. Clinton,1st term,09/23/1998,09/24/1998,66,31,3,88,66,37,,https://www.presidency.ucsb.edu/statistics/data/william-j-clinton-public-approval
William J. Clinton,1st term,09/14/1998,09/15/1998,63,35,2,84,66,36,,https://www.presidency.ucsb.edu/statistics/data/william-j-clinton-public-approval
William J. Clinton,1st term,09/11/1998,09/12/1998,63,34,3,85,64,35,,https://www.presidency.ucsb.edu/statistics/data/william-j-clinton-public-approval
William J. Clinton,1st term,08/21/1998,08/23/1998,62,35,3,89,60,32,,https://www.presidency.ucsb.edu/statistics/data/william-j-clinton-public-approval
William J. Clinton,1st term,08/10/1998,08/12/1998,65,30,5,85,62,45,,https://www.presidency.ucsb.edu/statistics/data/william-j-clinton-public-approval
William J. Clinton,1st term,08/07/1998,08/08/1998,64,32,4,86,60,43,,https://www.presidency.ucsb.edu/statistics/data/william-j-clinton-public-approval
William J. Clinton,1st term,07/13/1998,07/14/1998,63,31,6,92,61,32,,https://www.presidency.ucsb.edu/statistics/data/william-j-clinton-public-approval
William J. Clinton,1st term,07/07/1998,07/08/1998,61,34,5,88,64,26,,https://www.presidency.ucsb.edu/statistics/data/william-j-clinton-public-approval
William J. Clinton,1st term,06/22/1998,06/23/1998,60,34,6,84,62,31,,https://www.presidency.ucsb.edu/statistics/data/william-j-clinton-public-approval
William J. Clinton,1st term,06/05/1998,06/07/1998,60,34,6,88,58,32,,https://www.presidency.ucsb.edu/statistics/data/william-j-clinton-public-approval
William J. Clinton,1st term,05/08/1998,05/10/1998,64,31,5,86,65,37,,https://www.presidency.ucsb.edu/statistics/data/william-j-clinton-public-approval
William J. Clinton,1st term,04/17/1998,04/19/1998,63,31,6,89,63,40,,https://www.presidency.ucsb.edu/statistics/data/william-j-clinton-public-approval
William J. Clinton,1st term,03/20/1998,03/22/1998,66,28,6,91,65,39,,https://www.presidency.ucsb.edu/statistics/data/william-j-clinton-public-approval
William J. Clinton,1st term,03/06/1998,03/09/1998,63,31,6,89,60,37,,https://www.presidency.ucsb.edu/statistics/data/william-j-clinton-public-approval
William J. Clinton,1st term,02/20/1998,02/22/1998,66,29,5,88,63,40,,https://www.presidency.ucsb.edu/statistics/data/william-j-clinton-public-approval
William J. Clinton,1st term,02/13/1998,02/15/1998,66,30,4,90,67,40,,https://www.presidency.ucsb.edu/statistics/data/william-j-clinton-public-approval
William J. Clinton,1st term,01/30/1998,02/01/1998,69,28,3,92,68,40,,https://www.presidency.ucsb.edu/statistics/data/william-j-clinton-public-approval
William J. Clinton,1st term,01/25/1998,01/26/1998,59,37,4,90,51,33,,https://www.presidency.ucsb.edu/statistics/data/william-j-clinton-public-approval
William J. Clinton,1st term,01/23/1998,01/24/1998,58,36,6,86,55,30,,https://www.presidency.ucsb.edu/statistics/data/william-j-clinton-public-approval
William J. Clinton,1st term,01/16/1998,01/18/1998,60,30,10,84,55,32,,https://www.presidency.ucsb.edu/statistics/data/william-j-clinton-public-approval
William J. Clinton,1st term,01/06/1998,01/07/1998,59,32,9,85,60,32,,https://www.presidency.ucsb.edu/statistics/data/william-j-clinton-public-approval
William J. Clinton,1st term,12/18/1997,12/21/1997,56,36,8,83,52,31,,https://www.presidency.ucsb.edu/statistics/data/william-j-clinton-public-approval
William J. Clinton,1st term,11/21/1997,11/23/1997,61,30,9,85,57,34,,https://www.presidency.ucsb.edu/statistics/data/william-j-clinton-public-approval
William J. Clinton,1st term,11/06/1997,11/09/1997,59,31,10,81,59,34,,https://www.presidency.ucsb.edu/statistics/data/william-j-clinton-public-approval
William J. Clinton,1st term,10/27/1997,10/29/1997,59,32,9,84,49,31,,https://www.presidency.ucsb.edu/statistics/data/william-j-clinton-public-approval
William J. Clinton,1st term,10/03/1997,10/05/1997,55,36,9,81,50,31,,https://www.presidency.ucsb.edu/statistics/data/william-j-clinton-public-approval
William J. Clinton,1st term,09/25/1997,09/28/1997,58,33,9,86,57,29,,https://www.presidency.ucsb.edu/statistics/data/william-j-clinton-public-approval
William J. Clinton,1st term,09/06/1997,09/07/1997,61,28,11,82,58,35,,https://www.presidency.ucsb.edu/statistics/data/william-j-clinton-public-approval
William J. Clinton,1st term,08/22/1997,08/25/1997,60,34,6,84,56,31,,https://www.presidency.ucsb.edu/statistics/data/william-j-clinton-public-approval
William J. Clinton,1st term,08/12/1997,08/13/1997,61,32,7,82,58,37,,https://www.presidency.ucsb.edu/statistics/data/william-j-clinton-public-approval
William J. Clinton,1st term,07/25/1997,07/27/1997,58,34,8,86,57,27,,https://www.presidency.ucsb.edu/statistics/data/william-j-clinton-public-approval
William J. Clinton,1st term,06/26/1997,06/29/1997,55,36,9,87,48,23,,https://www.presidency.ucsb.edu/statistics/data/william-j-clinton-public-approval
William J. Clinton,1st term,05/30/1997,06/01/1997,57,35,8,82,54,29,,https://www.presidency.ucsb.edu/statistics/data/william-j-clinton-public-approval
William J. Clinton,1st term,05/06/1997,05/07/1997,57,35,8,84,54,28,,https://www.presidency.ucsb.edu/statistics/data/william-j-clinton-public-approval
William J. Clinton,1st term,04/18/1997,04/20/1997,54,37,9,82,52,26,,https://www.presidency.ucsb.edu/statistics/data/william-j-clinton-public-approval
William J. Clinton,1st term,03/24/1997,03/26/1997,59,35,6,86,51,35,,https://www.presidency.ucsb.edu/statistics/data/william-j-clinton-public-approval
William J. Clinton,1st term,02/24/1997,02/26/1997,57,33,10,85,54,29,,https://www.presidency.ucsb.edu/statistics/data/william-j-clinton-public-approval
William J. Clinton,1st term,01/30/1997,02/02/1997,60,31,9,84,63,27,,https://www.presidency.ucsb.edu/statistics/data/william-j-clinton-public-approval
William J. Clinton,1st term,01/10/1997,01/13/1997,62,31,7,89,57,31,,https://www.presidency.ucsb.edu/statistics/data/william-j-clinton-public-approval
William J. Clinton,1st term,01/03/1997,01/05/1997,58,35,7,85,55,32,,https://www.presidency.ucsb.edu/statistics/data/william-j-clinton-public-approval
William J. Clinton,1st term,12/09/1996,12/11/1996,58,34,8,91,51,26,,https://www.presidency.ucsb.edu/statistics/data/william-j-clinton-public-approval
William J. Clinton,1st term,11/21/1996,11/24/1996,58,35,7,87,58,20,,https://www.presidency.ucsb.edu/statistics/data/william-j-clinton-public-approval
William J. Clinton,1st term,10/26/1996,10/29/1996,54,36,10,86,46,19,,https://www.presidency.ucsb.edu/statistics/data/william-j-clinton-public-approval
William J. Clinton,1st term,10/02/1996,10/03/1996,57,36,7,86,55,26,,https://www.presidency.ucsb.edu/statistics/data/william-j-clinton-public-approval
William J. Clinton,1st term,10/01/1996,10/02/1996,58,34,8,86,55,24,,https://www.presidency.ucsb.edu/statistics/data/william-j-clinton-public-approval
William J. Clinton,1st term,09/07/1996,09/09/1996,60,31,9,91,59,23,,https://www.presidency.ucsb.edu/statistics/data/william-j-clinton-public-approval
William J. Clinton,1st term,08/30/1996,09/01/1996,60,33,7,87,58,27,,https://www.presidency.ucsb.edu/statistics/data/william-j-clinton-public-approval
William J. Clinton,1st term,08/23/1996,08/25/1996,53,39,8,85,49,18,,https://www.presidency.ucsb.edu/statistics/data/william-j-clinton-public-approval
William J. Clinton,1st term,08/16/1996,08/18/1996,52,39,9,85,49,19,,https://www.presidency.ucsb.edu/statistics/data/william-j-clinton-public-approval
William J. Clinton,1st term,08/05/1996,08/07/1996,57,36,7,86,52,26,,https://www.presidency.ucsb.edu/statistics/data/william-j-clinton-public-approval
William J. Clinton,1st term,07/25/1996,07/28/1996,58,35,7,88,57,25,,https://www.presidency.ucsb.edu/statistics/data/william-j-clinton-public-approval
William J. Clinton,1st term,07/18/1996,07/21/1996,57,35,8,84,56,29,,https://www.presidency.ucsb.edu/statistics/data/william-j-clinton-public-approval
William J. Clinton,1st term,06/27/1996,06/30/1996,52,42,6,76,50,26,,https://www.presidency.ucsb.edu/statistics/data/william-j-clinton-public-approval
William J. Clinton,1st term,06/18/1996,06/19/1996,58,37,5,88,55,23,,https://www.presidency.ucsb.edu/statistics/data/william-j-clinton-public-approval
William J. Clinton,1st term,05/28/1996,05/29/1996,53,38,9,87,52,21,,https://www.presidency.ucsb.edu/statistics/data/william-j-clinton-public-approval
William J. Clinton,1st term,05/09/1996,05/12/1996,55,39,6,85,46,25,,https://www.presidency.ucsb.edu/statistics/data/william-j-clinton-public-approval
William J. Clinton,1st term,04/25/1996,04/28/1996,56,37,7,84,56,24,,https://www.presidency.ucsb.edu/statistics/data/william-j-clinton-public-approval
William J. Clinton,1st term,04/09/1996,04/10/1996,54,40,6,86,50,21,,https://www.presidency.ucsb.edu/statistics/data/william-j-clinton-public-approval
William J. Clinton,1st term,03/15/1996,03/17/1996,52,39,9,79,55,23,,https://www.presidency.ucsb.edu/statistics/data/william-j-clinton-public-approval
William J. Clinton,1st term,03/08/1996,03/10/1996,54,37,9,83,54,21,,https://www.presidency.ucsb.edu/statistics/data/william-j-clinton-public-approval
William J. Clinton,1st term,02/23/1996,02/25/1996,53,40,7,81,60,17,,https://www.presidency.ucsb.edu/statistics/data/william-j-clinton-public-approval
William J. Clinton,1st term,01/26/1996,01/29/1996,52,42,6,83,49,24,,https://www.presidency.ucsb.edu/statistics/data/william-j-clinton-public-approval
William J. Clinton,1st term,01/12/1996,01/15/1996,46,47,7,82,43,15,,https://www.presidency.ucsb.edu/statistics/data/william-j-clinton-public-approval
William J. Clinton,1st term,01/05/1996,01/07/1996,42,49,9,72,39,17,,https://www.presidency.ucsb.edu/statistics/data/william-j-clinton-public-approval
William J. Clinton,1st term,12/15/1995,12/18/1995,51,44,5,81,51,18,,https://www.presidency.ucsb.edu/statistics/data/william-j-clinton-public-approval
William J. Clinton,1st term,11/17/1995,11/18/1995,53,38,9,78,52,22,,https://www.presidency.ucsb.edu/statistics/data/william-j-clinton-public-approval
William J. Clinton,1st term,11/06/1995,11/08/1995,52,41,7,78,46,28,,https://www.presidency.ucsb.edu/statistics/data/william-j-clinton-public-approval
William J. Clinton,1st term,10/19/1995,10/22/1995,49,40,11,77,48,22,,https://www.presidency.ucsb.edu/statistics/data/william-j-clinton-public-approval
William J. Clinton,1st term,10/05/1995,10/07/1995,46,42,12,79,42,18,,https://www.presidency.ucsb.edu/statistics/data/william-j-clinton-public-approval
William J. Clinton,1st term,09/22/1995,09/24/1995,48,44,8,74,44,22,,https://www.presidency.ucsb.edu/statistics/data/william-j-clinton-public-approval
William J. Clinton,1st term,09/14/1995,09/17/1995,44,44,12,78,41,21,,https://www.presidency.ucsb.edu/statistics/data/william-j-clinton-public-approval
William J. Clinton,1st term,08/28/1995,08/30/1995,46,43,11,74,47,17,,https://www.presidency.ucsb.edu/statistics/data/william-j-clinton-public-approval
William J. Clinton,1st term,08/11/1995,08/14/1995,46,44,10,75,41,22,,https://www.presidency.ucsb.edu/statistics/data/william-j-clinton-public-approval
William J. Clinton,1st term,08/04/1995,08/07/1995,46,42,12,76,43,23,,https://www.presidency.ucsb.edu/statistics/data/william-j-clinton-public-approval
William J. Clinton,1st term,07/20/1995,07/23/1995,46,44,10,77,47,23,,https://www.presidency.ucsb.edu/statistics/data/william-j-clinton-public-approval
William J. Clinton,1st term,07/07/1995,07/09/1995,48,42,10,75,45,21,,https://www.presidency.ucsb.edu/statistics/data/william-j-clinton-public-approval
William J. Clinton,1st term,06/05/1995,06/06/1995,47,42,11,78,52,21,,https://www.presidency.ucsb.edu/statistics/data/william-j-clinton-public-approval
William J. Clinton,1st term,05/11/1995,05/14/1995,51,42,7,77,56,20,,https://www.presidency.ucsb.edu/statistics/data/william-j-clinton-public-approval
William J. Clinton,1st term,04/21/1995,04/24/1995,51,39,10,77,42,16,,https://www.presidency.ucsb.edu/statistics/data/william-j-clinton-public-approval
William J. Clinton,1st term,04/17/1995,04/19/1995,46,45,9,76,47,18,,https://www.presidency.ucsb.edu/statistics/data/william-j-clinton-public-approval
William J. Clinton,1st term,04/05/1995,04/06/1995,47,45,8,73,43,18,,https://www.presidency.ucsb.edu/statistics/data/william-j-clinton-public-approval
William J. Clinton,1st term,03/27/1995,03/29/1995,44,47,9,79,47,17,,https://www.presidency.ucsb.edu/statistics/data/william-j-clinton-public-approval
William J. Clinton,1st term,03/17/1995,03/19/1995,46,45,9,72,39,21,,https://www.presidency.ucsb.edu/statistics/data/william-j-clinton-public-approval
William J. Clinton,1st term,02/24/1995,02/26/1995,42,48,10,78,50,21,,https://www.presidency.ucsb.edu/statistics/data/william-j-clinton-public-approval
William J. Clinton,1st term,02/03/1995,02/05/1995,49,44,7,74,44,22,,https://www.presidency.ucsb.edu/statistics/data/william-j-clinton-public-approval
William J. Clinton,1st term,01/16/1995,01/18/1995,47,45,8,66,41,19,,https://www.presidency.ucsb.edu/statistics/data/william-j-clinton-public-approval
William J. Clinton,1st term,12/28/1994,12/30/1994,40,52,8,75,44,16,,https://www.presidency.ucsb.edu/statistics/data/william-j-clinton-public-approval
William J. Clinton,1st term,12/16/1994,12/18/1994,42,53,5,71,41,16,,https://www.presidency.ucsb.edu/statistics/data/william-j-clinton-public-approval
William J. Clinton,1st term,12/02/1994,12/05/1994,42,50,8,72,48,21,,https://www.presidency.ucsb.edu/statistics/data/william-j-clinton-public-approval
William J. Clinton,1st term,11/28/1994,11/29/1994,43,49,8,74,44,16,,https://www.presidency.ucsb.edu/statistics/data/william-j-clinton-public-approval
William J. Clinton,1st term,11/02/1994,11/06/1994,46,46,8,75,44,14,,https://www.presidency.ucsb.edu/statistics/data/william-j-clinton-public-approval
William J. Clinton,1st term,10/22/1994,10/25/1994,48,46,6,75,46,17,,https://www.presidency.ucsb.edu/statistics/data/william-j-clinton-public-approval
William J. Clinton,1st term,10/18/1994,10/19/1994,41,52,7,68,40,12,,https://www.presidency.ucsb.edu/statistics/data/william-j-clinton-public-approval
William J. Clinton,1st term,10/07/1994,10/09/1994,42,52,6,69,43,16,,https://www.presidency.ucsb.edu/statistics/data/william-j-clinton-public-approval
William J. Clinton,1st term,09/23/1994,09/25/1994,43,51,6,76,40,17,,https://www.presidency.ucsb.edu/statistics/data/william-j-clinton-public-approval
William J. Clinton,1st term,09/16/1994,09/18/1994,42,50,8,72,44,13,,https://www.presidency.ucsb.edu/statistics/data/william-j-clinton-public-approval
William J. Clinton,1st term,09/06/1994,09/07/1994,39,54,7,66,37,14,,https://www.presidency.ucsb.edu/statistics/data/william-j-clinton-public-approval
William J. Clinton,1st term,08/15/1994,08/16/1994,39,52,9,69,37,13,,https://www.presidency.ucsb.edu/statistics/data/william-j-clinton-public-approval
William J. Clinton,1st term,08/08/1994,08/09/1994,43,48,9,69,41,17,,https://www.presidency.ucsb.edu/statistics/data/william-j-clinton-public-approval
William J. Clinton,1st term,07/15/1994,07/17/1994,42,49,9,73,41,15,,https://www.presidency.ucsb.edu/statistics/data/william-j-clinton-public-approval
William J. Clinton,1st term,07/01/1994,07/03/1994,43,48,9,67,38,18,,https://www.presidency.ucsb.edu/statistics/data/william-j-clinton-public-approval
William J. Clinton,1st term,06/25/1994,06/28/1994,44,47,9,70,36,22,,https://www.presidency.ucsb.edu/statistics/data/william-j-clinton-public-approval
William J. Clinton,1st term,06/11/1994,06/12/1994,49,44,7,72,47,23,,https://www.presidency.ucsb.edu/statistics/data/william-j-clinton-public-approval
William J. Clinton,1st term,06/03/1994,06/06/1994,46,47,7,74,42,17,,https://www.presidency.ucsb.edu/statistics/data/william-j-clinton-public-approval
William J. Clinton,1st term,05/20/1994,05/22/1994,51,42,7,75,49,26,,https://www.presidency.ucsb.edu/statistics/data/william-j-clinton-public-approval
William J. Clinton,1st term,04/22/1994,04/24/1994,48,44,8,74,43,24,,https://www.presidency.ucsb.edu/statistics/data/william-j-clinton-public-approval
William J. Clinton,1st term,04/16/1994,04/18/1994,51,41,8,74,51,26,,https://www.presidency.ucsb.edu/statistics/data/william-j-clinton-public-approval
William J. Clinton,1st term,03/28/1994,03/30/1994,51,42,7,76,49,26,,https://www.presidency.ucsb.edu/statistics/data/william-j-clinton-public-approval
William J. Clinton,1st term,03/25/1994,03/27/1994,52,41,7,80,49,25,,https://www.presidency.ucsb.edu/statistics/data/william-j-clinton-public-approval
William J. Clinton,1st term,03/11/1994,03/13/1994,50,41,9,75,50,19,,https://www.presidency.ucsb.edu/statistics/data/william-j-clinton-public-approval
William J. Clinton,1st term,03/07/1994,03/08/1994,50,42,8,81,45,22,,https://www.presidency.ucsb.edu/statistics/data/william-j-clinton-public-approval
William J. Clinton,1st term,02/26/1994,02/28/1994,53,41,6,77,55,28,,https://www.presidency.ucsb.edu/statistics/data/william-j-clinton-public-approval
William J. Clinton,1st term,01/28/1994,01/30/1994,58,35,7,80,58,29,,https://www.presidency.ucsb.edu/statistics/data/william-j-clinton-public-approval
William J. Clinton,1st term,01/15/1994,01/17/1994,54,38,8,79,50,25,,https://www.presidency.ucsb.edu/statistics/data/william-j-clinton-public-approval
William J. Clinton,1st term,01/06/1994,01/08/1994,54,38,8,78,55,28,,https://www.presidency.ucsb.edu/statistics/data/william-j-clinton-public-approval
William J. Clinton,1st term,12/17/1993,12/19/1993,54,40,6,79,49,29,,https://www.presidency.ucsb.edu/statistics/data/william-j-clinton-public-approval
William J. Clinton,1st term,12/04/1993,12/06/1993,52,38,10,76,53,24,,https://www.presidency.ucsb.edu/statistics/data/william-j-clinton-public-approval
William J. Clinton,1st term,11/19/1993,11/21/1993,48,43,9,78,44,23,,https://www.presidency.ucsb.edu/statistics/data/william-j-clinton-public-approval
William J. Clinton,1st term,11/15/1993,11/16/1993,50,43,7,77,47,23,,https://www.presidency.ucsb.edu/statistics/data/william-j-clinton-public-approval
William J. Clinton,1st term,11/02/1993,11/04/1993,48,45,7,74,42,19,,https://www.presidency.ucsb.edu/statistics/data/william-j-clinton-public-approval
William J. Clinton,1st term,10/28/1993,10/30/1993,48,45,7,74,45,21,,https://www.presidency.ucsb.edu/statistics/data/william-j-clinton-public-approval
William J. Clinton,1st term,10/13/1993,10/18/1993,47,44,9,77,42,21,,https://www.presidency.ucsb.edu/statistics/data/william-j-clinton-public-approval
William J. Clinton,1st term,10/08/1993,10/10/1993,50,42,8,73,49,26,,https://www.presidency.ucsb.edu/statistics/data/william-j-clinton-public-approval
William J. Clinton,1st term,09/24/1993,09/26/1993,56,36,8,81,52,29,,https://www.presidency.ucsb.edu/statistics/data/william-j-clinton-public-approval
William J. Clinton,1st term,09/13/1993,09/15/1993,46,43,11,71,45,21,,https://www.presidency.ucsb.edu/statistics/data/william-j-clinton-public-approval
William J. Clinton,1st term,09/10/1993,09/12/1993,47,42,11,75,43,16,,https://www.presidency.ucsb.edu/statistics/data/william-j-clinton-public-approval
William J. Clinton,1st term,08/23/1993,08/25/1993,44,47,9,70,42,20,,https://www.presidency.ucsb.edu/statistics/data/william-j-clinton-public-approval
William J. Clinton,1st term,08/08/1993,08/10/1993,44,48,8,73,37,14,,https://www.presidency.ucsb.edu/statistics/data/william-j-clinton-public-approval
William J. Clinton,1st term,07/19/1993,07/21/1993,41,49,10,67,34,22,,https://www.presidency.ucsb.edu/statistics/data/william-j-clinton-public-approval
William J. Clinton,1st term,07/09/1993,07/11/1993,45,48,7,77,41,19,,https://www.presidency.ucsb.edu/statistics/data/william-j-clinton-public-approval
William J. Clinton,1st term,06/29/1993,06/30/1993,46,47,7,74,39,23,,https://www.presidency.ucsb.edu/statistics/data/william-j-clinton-public-approval
William J. Clinton,1st term,06/18/1993,06/21/1993,39,50,11,65,31,15,,https://www.presidency.ucsb.edu/statistics/data/william-j-clinton-public-approval
William J. Clinton,1st term,06/05/1993,06/06/1993,37,49,14,63,28,18,,https://www.presidency.ucsb.edu/statistics/data/william-j-clinton-public-approval
William J. Clinton,1st term,05/21/1993,05/23/1993,44,46,10,69,39,20,,https://www.presidency.ucsb.edu/statistics/data/william-j-clinton-public-approval
William J. Clinton,1st term,05/10/1993,05/12/1993,45,44,11,71,42,22,,https://www.presidency.ucsb.edu/statistics/data/william-j-clinton-public-approval
William J. Clinton,1st term,04/22/1993,04/24/1993,55,37,8,82,53,25,,https://www.presidency.ucsb.edu/statistics/data/william-j-clinton-public-approval
William J. Clinton,1st term,03/29/1993,03/31/1993,52,37,11,80,47,23,,https://www.presidency.ucsb.edu/statistics/data/william-j-clinton-public-approval
William J. Clinton,1st term,03/12/1993,03/14/1993,53,34,13,80,49,27,,https://www.presidency.ucsb.edu/statistics/data/william-j-clinton-public-approval
William J. Clinton,1st term,02/26/1993,02/28/1993,59,29,12,84,55,33,,https://www.presidency.ucsb.edu/statistics/data/william-j-clinton-public-approval
William J. Clinton,1st term,02/12/1993,02/14/1993,51,34,15,74,49,24,,https://www.presidency.ucsb.edu/statistics/data/william-j-clinton-public-approval
William J. Clinton,1st term,01/29/1993,01/31/1993,54,30,16,73,51,29,,https://www.presidency.ucsb.edu/statistics/data/william-j-clinton-public-approval
William J. Clinton,1st term,01/24/1993,01/26/1993,58,20,22,79,54,33,,https://www.presidency.ucsb.edu/statistics/data/william-j-clinton-public-approval
George Bush,1st term,1/8/1993,1/11/1993,56,37,,33,51,86,,https://www.presidency.ucsb.edu/statistics/data/george-bush-public-approval
George Bush,1st term,12/18/1992,12/20/1992,49,41,,24,47,83,,https://www.presidency.ucsb.edu/statistics/data/george-bush-public-approval
George Bush,1st term,12/4/1992,12/6/1992,49,47,,26,40,88,,https://www.presidency.ucsb.edu/statistics/data/george-bush-public-approval
George Bush,1st term,11/20/1992,11/22/1992,43,46,,19,38,77,,https://www.presidency.ucsb.edu/statistics/data/george-bush-public-approval
George Bush,1st term,10/13/1992,10/15/1992,34,56,,13,32,64,,https://www.presidency.ucsb.edu/statistics/data/george-bush-public-approval
George Bush,1st term,10/1/1992,10/3/1992,33,58,,9,38,69,,https://www.presidency.ucsb.edu/statistics/data/george-bush-public-approval
George Bush,1st term,9/17/1992,9/20/1992,36,54,,15,29,69,,https://www.presidency.ucsb.edu/statistics/data/george-bush-public-approval
George Bush,1st term,9/11/1992,9/15/1992,39,55,,15,34,74,,https://www.presidency.ucsb.edu/statistics/data/george-bush-public-approval
George Bush,1st term,8/31/1992,9/2/1992,39,54,,14,37,79,,https://www.presidency.ucsb.edu/statistics/data/george-bush-public-approval
George Bush,1st term,8/21/1992,8/22/1992,40,54,,12,36,78,,https://www.presidency.ucsb.edu/statistics/data/george-bush-public-approval
George Bush,1st term,8/10/1992,8/12/1992,35,58,,10,36,72,,https://www.presidency.ucsb.edu/statistics/data/george-bush-public-approval
George Bush,1st term,7/31/1992,8/2/1992,29,60,,12,27,57,,https://www.presidency.ucsb.edu/statistics/data/george-bush-public-approval
George Bush,1st term,7/24/1992,7/26/1992,32,59,,12,27,64,,https://www.presidency.ucsb.edu/statistics/data/george-bush-public-approval
George Bush,1st term,6/26/1992,6/30/1992,38,55,,16,35,67,,https://www.presidency.ucsb.edu/statistics/data/george-bush-public-approval
George Bush,1st term,6/12/1992,6/14/1992,37,55,,20,30,70,,https://www.presidency.ucsb.edu/statistics/data/george-bush-public-approval
George Bush,1st term,6/4/1992,6/7/1992,37,56,,16,28,64,,https://www.presidency.ucsb.edu/statistics/data/george-bush-public-approval
George Bush,1st term,5/18/1992,5/20/1992,41,52,,23,37,66,,https://www.presidency.ucsb.edu/statistics/data/george-bush-public-approval
George Bush,1st term,5/7/1992,5/10/1992,40,53,,23,34,70,,https://www.presidency.ucsb.edu/statistics/data/george-bush-public-approval
George Bush,1st term,4/20/1992,4/22/1992,42,48,,14,37,70,,https://www.presidency.ucsb.edu/statistics/data/george-bush-public-approval
George Bush,1st term,4/9/1992,4/12/1992,39,54,,17,34,74,,https://www.presidency.ucsb.edu/statistics/data/george-bush-public-approval
George Bush,1st term,3/26/1992,3/29/1992,42,51,,18,38,68,,https://www.presidency.ucsb.edu/statistics/data/george-bush-public-approval
George Bush,1st term,3/20/1992,3/22/1992,41,49,,20,36,70,,https://www.presidency.ucsb.edu/statistics/data/george-bush-public-approval
George Bush,1st term,3/11/1992,3/12/1992,41,47,,17,41,67,,https://www.presidency.ucsb.edu/statistics/data/george-bush-public-approval
George Bush,1st term,2/28/1992,3/1/1992,41,53,,16,39,71,,https://www.presidency.ucsb.edu/statistics/data/george-bush-public-approval
George Bush,1st term,2/19/1992,2/20/1992,39,47,,17,35,63,,https://www.presidency.ucsb.edu/statistics/data/george-bush-public-approval
George Bush,1st term,2/6/1992,2/9/1992,44,48,,18,40,72,,https://www.presidency.ucsb.edu/statistics/data/george-bush-public-approval
George Bush,1st term,1/31/1992,2/2/1992,47,48,,18,45,75,,https://www.presidency.ucsb.edu/statistics/data/george-bush-public-approval
George Bush,1st term,1/16/1992,1/19/1992,46,48,,28,38,72,,https://www.presidency.ucsb.edu/statistics/data/george-bush-public-approval
George Bush,1st term,1/3/1992,1/6/1992,46,47,,20,43,79,,https://www.presidency.ucsb.edu/statistics/data/george-bush-public-approval
George Bush,1st term,12/12/1991,12/15/1991,50,41,,29,47,73,,https://www.presidency.ucsb.edu/statistics/data/george-bush-public-approval
George Bush,1st term,12/5/1991,12/8/1991,52,42,,30,46,75,,https://www.presidency.ucsb.edu/statistics/data/george-bush-public-approval
George Bush,1st term,11/21/1991,11/24/1991,52,39,,32,50,75,,https://www.presidency.ucsb.edu/statistics/data/george-bush-public-approval
George Bush,1st term,11/14/1991,11/17/1991,56,36,,33,56,78,,https://www.presidency.ucsb.edu/statistics/data/george-bush-public-approval
George Bush,1st term,11/7/1991,11/10/1991,56,36,,32,55,81,,https://www.presidency.ucsb.edu/statistics/data/george-bush-public-approval
George Bush,1st term,10/31/1991,11/3/1991,59,33,,37,54,89,,https://www.presidency.ucsb.edu/statistics/data/george-bush-public-approval
George Bush,1st term,10/24/1991,10/27/1991,62,29,,42,64,85,,https://www.presidency.ucsb.edu/statistics/data/george-bush-public-approval
George Bush,1st term,10/17/1991,10/20/1991,66,26,,50,61,87,,https://www.presidency.ucsb.edu/statistics/data/george-bush-public-approval
George Bush,1st term,10/10/1991,10/13/1991,66,28,,43,66,87,,https://www.presidency.ucsb.edu/statistics/data/george-bush-public-approval
George Bush,1st term,10/3/1991,10/6/1991,65,27,,45,65,86,,https://www.presidency.ucsb.edu/statistics/data/george-bush-public-approval
George Bush,1st term,9/26/1991,9/29/1991,66,25,,47,66,89,,https://www.presidency.ucsb.edu/statistics/data/george-bush-public-approval
George Bush,1st term,9/13/1991,9/15/1991,68,22,,48,67,91,,https://www.presidency.ucsb.edu/statistics/data/george-bush-public-approval
George Bush,1st term,9/5/1991,9/8/1991,70,21,,47,71,91,,https://www.presidency.ucsb.edu/statistics/data/george-bush-public-approval
George Bush,1st term,8/29/1991,9/3/1991,69,22,,56,63,89,,https://www.presidency.ucsb.edu/statistics/data/george-bush-public-approval
George Bush,1st term,8/23/1991,8/25/1991,74,19,,58,71,90,,https://www.presidency.ucsb.edu/statistics/data/george-bush-public-approval
George Bush,1st term,8/8/1991,8/11/1991,71,22,,49,68,93,,https://www.presidency.ucsb.edu/statistics/data/george-bush-public-approval
George Bush,1st term,7/25/1991,7/28/1991,71,21,,61,66,87,,https://www.presidency.ucsb.edu/statistics/data/george-bush-public-approval
George Bush,1st term,7/18/1991,7/21/1991,70,21,,52,65,89,,https://www.presidency.ucsb.edu/statistics/data/george-bush-public-approval
George Bush,1st term,7/11/1991,7/14/1991,72,21,,56,68,91,,https://www.presidency.ucsb.edu/statistics/data/george-bush-public-approval
George Bush,1st term,6/27/1991,6/30/1991,72,23,,53,72,90,,https://www.presidency.ucsb.edu/statistics/data/george-bush-public-approval
George Bush,1st term,6/13/1991,6/16/1991,71,19,,49,72,91,,https://www.presidency.ucsb.edu/statistics/data/george-bush-public-approval
George Bush,1st term,5/30/1991,6/2/1991,74,17,,58,72,91,,https://www.presidency.ucsb.edu/statistics/data/george-bush-public-approval
George Bush,1st term,5/23/1991,5/26/1991,76,16,,62,75,94,,https://www.presidency.ucsb.edu/statistics/data/george-bush-public-approval
George Bush,1st term,5/16/1991,5/19/1991,77,15,,68,72,92,,https://www.presidency.ucsb.edu/statistics/data/george-bush-public-approval
George Bush,1st term,5/2/1991,5/5/1991,74,19,,59,72,94,,https://www.presidency.ucsb.edu/statistics/data/george-bush-public-approval
George Bush,1st term,4/25/1991,4/28/1991,76,15,,63,73,93,,https://www.presidency.ucsb.edu/statistics/data/george-bush-public-approval
George Bush,1st term,4/11/1991,4/14/1991,77,13,,70,73,91,,https://www.presidency.ucsb.edu/statistics/data/george-bush-public-approval
George Bush,1st term,4/4/1991,4/6/1991,83,12,,69,77,93,,https://www.presidency.ucsb.edu/statistics/data/george-bush-public-approval
George Bush,1st term,3/28/1991,3/30/1991,82,11,,68,81,94,,https://www.presidency.ucsb.edu/statistics/data/george-bush-public-approval
George Bush,1st term,3/21/1991,3/24/1991,84,10,,74,82,95,,https://www.presidency.ucsb.edu/statistics/data/george-bush-public-approval
George Bush,1st term,3/14/1991,3/17/1991,86,9,,78,83,97,,https://www.presidency.ucsb.edu/statistics/data/george-bush-public-approval
George Bush,1st term,3/7/1991,3/10/1991,87,8,,80,83,96,,https://www.presidency.ucsb.edu/statistics/data/george-bush-public-approval
George Bush,1st term,2/28/1991,3/3/1991,89,8,,82,88,97,,https://www.presidency.ucsb.edu/statistics/data/george-bush-public-approval
George Bush,1st term,2/21/1991,2/24/1991,80,13,,72,79,92,,https://www.presidency.ucsb.edu/statistics/data/george-bush-public-approval
George Bush,1st term,2/14/1991,2/17/1991,80,14,,70,79,93,,https://www.presidency.ucsb.edu/statistics/data/george-bush-public-approval
George Bush,1st term,2/7/1991,2/10/1991,79,18,,70,72,93,,https://www.presidency.ucsb.edu/statistics/data/george-bush-public-approval
George Bush,1st term,1/30/1991,2/2/1991,82,15,,74,77,95,,https://www.presidency.ucsb.edu/statistics/data/george-bush-public-approval
George Bush,1st term,1/23/1991,1/26/1991,83,13,,77,78,95,,https://www.presidency.ucsb.edu/statistics/data/george-bush-public-approval
George Bush,1st term,1/19/1991,1/22/1991,80,14,,69,76,95,,https://www.presidency.ucsb.edu/statistics/data/george-bush-public-approval
George Bush,1st term,1/17/1991,1/20/1991,82,12,,74,82,93,,https://www.presidency.ucsb.edu/statistics/data/george-bush-public-approval
George Bush,1st term,1/11/1991,1/13/1991,64,25,,53,62,82,,https://www.presidency.ucsb.edu/statistics/data/george-bush-public-approval
George Bush,1st term,1/3/1991,1/6/1991,58,31,,42,55,81,,https://www.presidency.ucsb.edu/statistics/data/george-bush-public-approval
George Bush,1st term,12/13/1990,12/16/1990,63,30,,48,58,84,,https://www.presidency.ucsb.edu/statistics/data/george-bush-public-approval
George Bush,1st term,12/6/1990,12/9/1990,58,33,,45,54,80,,https://www.presidency.ucsb.edu/statistics/data/george-bush-public-approval
George Bush,1st term,11/29/1990,12/2/1990,61,29,,42,57,81,,https://www.presidency.ucsb.edu/statistics/data/george-bush-public-approval
George Bush,1st term,11/15/1990,11/18/1990,54,33,,42,49,76,,https://www.presidency.ucsb.edu/statistics/data/george-bush-public-approval
George Bush,1st term,11/8/1990,11/11/1990,58,34,,45,57,78,,https://www.presidency.ucsb.edu/statistics/data/george-bush-public-approval
George Bush,1st term,11/1/1990,11/4/1990,58,32,,37,61,81,,https://www.presidency.ucsb.edu/statistics/data/george-bush-public-approval
George Bush,1st term,10/25/1990,10/28/1990,54,36,,36,54,76,,https://www.presidency.ucsb.edu/statistics/data/george-bush-public-approval
George Bush,1st term,10/18/1990,10/21/1990,53,37,,36,53,70,,https://www.presidency.ucsb.edu/statistics/data/george-bush-public-approval
George Bush,1st term,10/11/1990,10/14/1990,56,33,,39,54,79,,https://www.presidency.ucsb.edu/statistics/data/george-bush-public-approval
George Bush,1st term,10/3/1990,10/4/1990,66,25,,49,65,86,,https://www.presidency.ucsb.edu/statistics/data/george-bush-public-approval
George Bush,1st term,9/27/1990,9/30/1990,67,20,,50,65,89,,https://www.presidency.ucsb.edu/statistics/data/george-bush-public-approval
George Bush,1st term,9/14/1990,9/16/1990,73,17,,62,65,93,,https://www.presidency.ucsb.edu/statistics/data/george-bush-public-approval
George Bush,1st term,9/10/1990,9/11/1990,76,16,,68,71,88,,https://www.presidency.ucsb.edu/statistics/data/george-bush-public-approval
George Bush,1st term,8/30/1990,9/2/1990,74,17,,62,73,89,,https://www.presidency.ucsb.edu/statistics/data/george-bush-public-approval
George Bush,1st term,8/23/1990,8/26/1990,76,16,,63,76,89,,https://www.presidency.ucsb.edu/statistics/data/george-bush-public-approval
George Bush,1st term,8/16/1990,8/19/1990,75,16,,62,74,91,,https://www.presidency.ucsb.edu/statistics/data/george-bush-public-approval
George Bush,1st term,8/9/1990,8/12/1990,74,16,,62,71,91,,https://www.presidency.ucsb.edu/statistics/data/george-bush-public-approval
George Bush,1st term,7/19/1990,7/22/1990,60,25,,45,60,79,,https://www.presidency.ucsb.edu/statistics/data/george-bush-public-approval
George Bush,1st term,7/6/1990,7/8/1990,63,24,,53,56,83,,https://www.presidency.ucsb.edu/statistics/data/george-bush-public-approval
George Bush,1st term,6/15/1990,6/17/1990,69,17,,56,68,87,,https://www.presidency.ucsb.edu/statistics/data/george-bush-public-approval
George Bush,1st term,6/7/1990,6/10/1990,67,18,,53,64,85,,https://www.presidency.ucsb.edu/statistics/data/george-bush-public-approval
George Bush,1st term,5/17/1990,5/20/1990,65,20,,51,63,86,,https://www.presidency.ucsb.edu/statistics/data/george-bush-public-approval
George Bush,1st term,4/19/1990,4/22/1990,67,17,,56,65,83,,https://www.presidency.ucsb.edu/statistics/data/george-bush-public-approval
George Bush,1st term,4/5/1990,4/8/1990,68,16,,59,62,85,,https://www.presidency.ucsb.edu/statistics/data/george-bush-public-approval
George Bush,1st term,3/15/1990,3/18/1990,74,15,,61,71,91,,https://www.presidency.ucsb.edu/statistics/data/george-bush-public-approval
George Bush,1st term,3/8/1990,3/11/1990,68,18,,53,70,86,,https://www.presidency.ucsb.edu/statistics/data/george-bush-public-approval
George Bush,1st term,2/15/1990,2/18/1990,73,16,,61,68,90,,https://www.presidency.ucsb.edu/statistics/data/george-bush-public-approval
George Bush,1st term,2/8/1990,2/11/1990,73,16,,61,65,91,,https://www.presidency.ucsb.edu/statistics/data/george-bush-public-approval
George Bush,1st term,1/4/1990,1/7/1990,80,11,,68,77,94,,https://www.presidency.ucsb.edu/statistics/data/george-bush-public-approval
George Bush,1st term,12/7/1989,12/10/1989,71,20,,59,70,86,,https://www.presidency.ucsb.edu/statistics/data/george-bush-public-approval
George Bush,1st term,11/2/1989,11/5/1989,70,17,,55,69,87,,https://www.presidency.ucsb.edu/statistics/data/george-bush-public-approval
George Bush,1st term,10/5/1989,10/8/1989,68,20,,49,66,87,,https://www.presidency.ucsb.edu/statistics/data/george-bush-public-approval
George Bush,1st term,9/7/1989,9/10/1989,70,17,,59,65,85,,https://www.presidency.ucsb.edu/statistics/data/george-bush-public-approval
George Bush,1st term,8/10/1989,8/13/1989,69,19,,59,66,83,,https://www.presidency.ucsb.edu/statistics/data/george-bush-public-approval
George Bush,1st term,7/6/1989,7/9/1989,66,19,,49,63,86,,https://www.presidency.ucsb.edu/statistics/data/george-bush-public-approval
George Bush,1st term,6/8/1989,6/11/1989,70,14,,55,67,87,,https://www.presidency.ucsb.edu/statistics/data/george-bush-public-approval
George Bush,1st term,5/15/1989,5/18/1989,63,18,,48,58,83,,https://www.presidency.ucsb.edu/statistics/data/george-bush-public-approval
George Bush,1st term,5/4/1989,5/7/1989,56,22,,41,48,79,,https://www.presidency.ucsb.edu/statistics/data/george-bush-public-approval
George Bush,1st term,4/10/1989,4/16/1989,58,16,,42,51,81,,https://www.presidency.ucsb.edu/statistics/data/george-bush-public-approval
George Bush,1st term,3/10/1989,3/13/1989,56,16,,43,46,78,,https://www.presidency.ucsb.edu/statistics/data/george-bush-public-approval
George Bush,1st term,2/28/1989,3/2/1989,63,13,,46,58,82,,https://www.presidency.ucsb.edu/statistics/data/george-bush-public-approval
George Bush,1st term,1/24/1989,1/26/1989,51,6,,38,48,69,,https://www.presidency.ucsb.edu/statistics/data/george-bush-public-approval
Ronald Reagan,1st term,12/27/1988,12/29/1988,63,29,8,,,,,https://www.presidency.ucsb.edu/statistics/data/ronald-reagan-public-approval
Ronald Reagan,1st term,11/11/1988,11/14/1988,57,35,8,,,,,https://www.presidency.ucsb.edu/statistics/data/ronald-reagan-public-approval
Ronald Reagan,1st term,10/21/1988,10/24/1988,51,38,11,,,,,https://www.presidency.ucsb.edu/statistics/data/ronald-reagan-public-approval
Ronald Reagan,1st term,09/25/1988,10/01/1988,54,37,9,,,,,https://www.presidency.ucsb.edu/statistics/data/ronald-reagan-public-approval
Ronald Reagan,1st term,08/19/1988,08/22/1988,53,37,10,,,,,https://www.presidency.ucsb.edu/statistics/data/ronald-reagan-public-approval
Ronald Reagan,1st term,07/15/1988,07/18/1988,54,36,10,,,,,https://www.presidency.ucsb.edu/statistics/data/ronald-reagan-public-approval
Ronald Reagan,1st term,07/01/1988,07/07/1988,51,35,14,,,,,https://www.presidency.ucsb.edu/statistics/data/ronald-reagan-public-approval
Ronald Reagan,1st term,06/24/1988,06/27/1988,48,40,12,,,,,https://www.presidency.ucsb.edu/statistics/data/ronald-reagan-public-approval
Ronald Reagan,1st term,6/10/1988,6/13/1988,51,39,10,,,,,https://www.presidency.ucsb.edu/statistics/data/ronald-reagan-public-approval
Ronald Reagan,1st term,05/13/1988,5/22/1988,48,43,9,,,,,https://www.presidency.ucsb.edu/statistics/data/ronald-reagan-public-approval
Ronald Reagan,1st term,05/02/1988,05/08/1988,50,38,12,,,,,https://www.presidency.ucsb.edu/statistics/data/ronald-reagan-public-approval
Ronald Reagan,1st term,4/8/1988,4/11/1988,50,39,11,,,,,https://www.presidency.ucsb.edu/statistics/data/ronald-reagan-public-approval
Ronald Reagan,1st term,3/8/1988,3/12/1988,51,37,12,,,,,https://www.presidency.ucsb.edu/statistics/data/ronald-reagan-public-approval
Ronald Reagan,1st term,3/4/1988,3/6/1988,50,42,8,,,,,https://www.presidency.ucsb.edu/statistics/data/ronald-reagan-public-approval
Ronald Reagan,1st term,01/22/1988,01/25/1988,49,40,11,,,,,https://www.presidency.ucsb.edu/statistics/data/ronald-reagan-public-approval
Ronald Reagan,1st term,12/04/1987,12/07/1987,49,41,10,,,,,https://www.presidency.ucsb.edu/statistics/data/ronald-reagan-public-approval
Ronald Reagan,1st term,10/23/1987,10/26/1987,51,41,8,,,,,https://www.presidency.ucsb.edu/statistics/data/ronald-reagan-public-approval
Ronald Reagan,1st term,08/24/1987,09/02/1987,49,42,9,,,,,https://www.presidency.ucsb.edu/statistics/data/ronald-reagan-public-approval
Ronald Reagan,1st term,08/07/1987,08/10/1987,45,41,14,,,,,https://www.presidency.ucsb.edu/statistics/data/ronald-reagan-public-approval
Ronald Reagan,1st term,07/10/1987,07/13/1987,49,43,8,,,,,https://www.presidency.ucsb.edu/statistics/data/ronald-reagan-public-approval
Ronald Reagan,1st term,06/08/1987,06/14/1987,53,40,7,,,,,https://www.presidency.ucsb.edu/statistics/data/ronald-reagan-public-approval
Ronald Reagan,1st term,06/05/1987,06/08/1987,47,44,9,,,,,https://www.presidency.ucsb.edu/statistics/data/ronald-reagan-public-approval
Ronald Reagan,1st term,04/10/1987,04/13/1987,48,43,9,,,,,https://www.presidency.ucsb.edu/statistics/data/ronald-reagan-public-approval
Ronald Reagan,1st term,03/14/1987,03/18/1987,47,44,9,,,,,https://www.presidency.ucsb.edu/statistics/data/ronald-reagan-public-approval
Ronald Reagan,1st term,03/06/1987,03/09/1987,43,46,11,,,,,https://www.presidency.ucsb.edu/statistics/data/ronald-reagan-public-approval
Ronald Reagan,1st term,01/16/1987,01/19/1987,48,43,9,,,,,https://www.presidency.ucsb.edu/statistics/data/ronald-reagan-public-approval
Ronald Reagan,1st term,12/05/1986,12/08/1986,48,43,9,,,,,https://www.presidency.ucsb.edu/statistics/data/ronald-reagan-public-approval
Ronald Reagan,1st term,12/04/1986,12/05/1986,47,44,9,,,,,https://www.presidency.ucsb.edu/statistics/data/ronald-reagan-public-approval
Ronald Reagan,1st term,10/24/1986,10/27/1986,63,29,8,,,,,https://www.presidency.ucsb.edu/statistics/data/ronald-reagan-public-approval
Ronald Reagan,1st term,09/13/1986,09/17/1986,63,26,11,,,,,https://www.presidency.ucsb.edu/statistics/data/ronald-reagan-public-approval
Ronald Reagan,1st term,09/12/1986,09/15/1986,61,25,14,,,,,https://www.presidency.ucsb.edu/statistics/data/ronald-reagan-public-approval
Ronald Reagan,1st term,08/08/1986,08/11/1986,61,27,12,,,,,https://www.presidency.ucsb.edu/statistics/data/ronald-reagan-public-approval
Ronald Reagan,1st term,07/11/1986,07/14/1986,63,28,9,,,,,https://www.presidency.ucsb.edu/statistics/data/ronald-reagan-public-approval
Ronald Reagan,1st term,06/09/1986,06/16/1986,64,26,10,,,,,https://www.presidency.ucsb.edu/statistics/data/ronald-reagan-public-approval
Ronald Reagan,1st term,06/06/1986,06/09/1986,61,29,10,,,,,https://www.presidency.ucsb.edu/statistics/data/ronald-reagan-public-approval
Ronald Reagan,1st term,05/16/1986,05/19/1986,68,23,9,,,,,https://www.presidency.ucsb.edu/statistics/data/ronald-reagan-public-approval
Ronald Reagan,1st term,04/11/1986,04/14/1986,62,29,9,,,,,https://www.presidency.ucsb.edu/statistics/data/ronald-reagan-public-approval
Ronald Reagan,1st term,03/04/1986,03/10/1986,63,26,11,,,,,https://www.presidency.ucsb.edu/statistics/data/ronald-reagan-public-approval
Ronald Reagan,1st term,01/10/1986,01/13/1986,64,27,9,,,,,https://www.presidency.ucsb.edu/statistics/data/ronald-reagan-public-approval
Ronald Reagan,1st term,12/06/1985,12/09/1985,63,29,8,,,,,https://www.presidency.ucsb.edu/statistics/data/ronald-reagan-public-approval
Ronald Reagan,1st term,11/11/1985,11/18/1985,65,24,11,,,,,https://www.presidency.ucsb.edu/statistics/data/ronald-reagan-public-approval
Ronald Reagan,1st term,11/01/1985,11/04/1985,62,28,10,,,,,https://www.presidency.ucsb.edu/statistics/data/ronald-reagan-public-approval
Ronald Reagan,1st term,10/11/1985,10/14/1985,63,29,8,,,,,https://www.presidency.ucsb.edu/statistics/data/ronald-reagan-public-approval
Ronald Reagan,1st term,09/13/1985,09/16/1985,60,30,10,,,,,https://www.presidency.ucsb.edu/statistics/data/ronald-reagan-public-approval
Ronald Reagan,1st term,08/16/1985,08/19/1985,57,32,11,,,,,https://www.presidency.ucsb.edu/statistics/data/ronald-reagan-public-approval
Ronald Reagan,1st term,08/13/1985,08/15/1985,65,26,9,,,,,https://www.presidency.ucsb.edu/statistics/data/ronald-reagan-public-approval
Ronald Reagan,1st term,07/12/1985,07/15/1985,63,28,9,,,,,https://www.presidency.ucsb.edu/statistics/data/ronald-reagan-public-approval
Ronald Reagan,1st term,6/7/1985,6/10/1985,58,32,10,,,,,https://www.presidency.ucsb.edu/statistics/data/ronald-reagan-public-approval
Ronald Reagan,1st term,5/17/1985,5/20/1985,55,37,8,,,,,https://www.presidency.ucsb.edu/statistics/data/ronald-reagan-public-approval
Ronald Reagan,1st term,4/12/1985,4/15/1985,52,37,11,,,,,https://www.presidency.ucsb.edu/statistics/data/ronald-reagan-public-approval
Ronald Reagan,1st term,3/8/1985,3/11/1985,56,37,7,,,,,https://www.presidency.ucsb.edu/statistics/data/ronald-reagan-public-approval
Ronald Reagan,1st term,02/15/1985,02/18/1985,60,31,9,,,,,https://www.presidency.ucsb.edu/statistics/data/ronald-reagan-public-approval
Ronald Reagan,1st term,01/25/1985,01/28/1985,64,28,8,,,,,https://www.presidency.ucsb.edu/statistics/data/ronald-reagan-public-approval
Ronald Reagan,1st term,01/11/1985,01/14/1985,62,29,9,,,,,https://www.presidency.ucsb.edu/statistics/data/ronald-reagan-public-approval
Ronald Reagan,1st term,12/07/1984,12/10/1984,59,32,9,,,,,https://www.presidency.ucsb.edu/statistics/data/ronald-reagan-public-approval
Ronald Reagan,1st term,11/30/1984,12/03/1984,62,30,8,,,,,https://www.presidency.ucsb.edu/statistics/data/ronald-reagan-public-approval
Ronald Reagan,1st term,11/09/1984,11/12/1984,61,31,8,,,,,https://www.presidency.ucsb.edu/statistics/data/ronald-reagan-public-approval
Ronald Reagan,1st term,10/26/1984,10/29/1984,58,33,9,,,,,https://www.presidency.ucsb.edu/statistics/data/ronald-reagan-public-approval
Ronald Reagan,1st term,09/28/1984,10/01/1984,54,35,11,,,,,https://www.presidency.ucsb.edu/statistics/data/ronald-reagan-public-approval
Ronald Reagan,1st term,09/21/1984,09/24/1984,57,36,7,,,,,https://www.presidency.ucsb.edu/statistics/data/ronald-reagan-public-approval
Ronald Reagan,1st term,09/07/1984,09/10/1984,57,36,7,,,,,https://www.presidency.ucsb.edu/statistics/data/ronald-reagan-public-approval
Ronald Reagan,1st term,08/10/1984,08/13/1984,54,38,8,,,,,https://www.presidency.ucsb.edu/statistics/data/ronald-reagan-public-approval
Ronald Reagan,1st term,07/27/1984,07/30/1984,52,37,11,,,,,https://www.presidency.ucsb.edu/statistics/data/ronald-reagan-public-approval
Ronald Reagan,1st term,07/13/1984,07/16/1984,55,35,10,,,,,https://www.presidency.ucsb.edu/statistics/data/ronald-reagan-public-approval
Ronald Reagan,1st term,07/06/1984,07/09/1984,54,35,11,,,,,https://www.presidency.ucsb.edu/statistics/data/ronald-reagan-public-approval
Ronald Reagan,1st term,06/29/1984,07/02/1984,53,37,10,,,,,https://www.presidency.ucsb.edu/statistics/data/ronald-reagan-public-approval
Ronald Reagan,1st term,06/22/1984,06/25/1984,54,36,10,,,,,https://www.presidency.ucsb.edu/statistics/data/ronald-reagan-public-approval
Ronald Reagan,1st term,06/06/1984,6/8/1984,55,33,12,,,,,https://www.presidency.ucsb.edu/statistics/data/ronald-reagan-public-approval
Ronald Reagan,1st term,5/18/1984,05/21/1984,54,38,8,,,,,https://www.presidency.ucsb.edu/statistics/data/ronald-reagan-public-approval
Ronald Reagan,1st term,05/03/1984,5/5/1984,52,37,11,,,,,https://www.presidency.ucsb.edu/statistics/data/ronald-reagan-public-approval
Ronald Reagan,1st term,4/6/1984,4/9/1984,54,36,10,,,,,https://www.presidency.ucsb.edu/statistics/data/ronald-reagan-public-approval
Ronald Reagan,1st term,03/16/1984,03/19/1984,54,39,7,,,,,https://www.presidency.ucsb.edu/statistics/data/ronald-reagan-public-approval
Ronald Reagan,1st term,02/10/1984,02/13/1984,55,36,9,,,,,https://www.presidency.ucsb.edu/statistics/data/ronald-reagan-public-approval
Ronald Reagan,1st term,01/27/1984,01/30/1984,55,37,8,,,,,https://www.presidency.ucsb.edu/statistics/data/ronald-reagan-public-approval
Ronald Reagan,1st term,01/13/1984,01/16/1984,52,38,10,,,,,https://www.presidency.ucsb.edu/statistics/data/ronald-reagan-public-approval
Ronald Reagan,1st term,12/09/1983,12/12/1983,54,38,8,,,,,https://www.presidency.ucsb.edu/statistics/data/ronald-reagan-public-approval
Ronald Reagan,1st term,11/18/1983,11/21/1983,53,37,10,,,,,https://www.presidency.ucsb.edu/statistics/data/ronald-reagan-public-approval
Ronald Reagan,1st term,10/21/1983,10/24/1983,49,41,10,,,,,https://www.presidency.ucsb.edu/statistics/data/ronald-reagan-public-approval
Ronald Reagan,1st term,10/07/1983,10/10/1983,45,44,11,,,,,https://www.presidency.ucsb.edu/statistics/data/ronald-reagan-public-approval
Ronald Reagan,1st term,09/16/1983,09/19/1983,47,43,10,,,,,https://www.presidency.ucsb.edu/statistics/data/ronald-reagan-public-approval
Ronald Reagan,1st term,09/09/1983,09/12/1983,47,42,11,,,,,https://www.presidency.ucsb.edu/statistics/data/ronald-reagan-public-approval
Ronald Reagan,1st term,08/19/1983,08/22/1983,43,46,11,,,,,https://www.presidency.ucsb.edu/statistics/data/ronald-reagan-public-approval
Ronald Reagan,1st term,08/12/1983,08/15/1983,43,45,12,,,,,https://www.presidency.ucsb.edu/statistics/data/ronald-reagan-public-approval
Ronald Reagan,1st term,08/05/1983,08/08/1983,44,46,10,,,,,https://www.presidency.ucsb.edu/statistics/data/ronald-reagan-public-approval
Ronald Reagan,1st term,07/29/1983,08/01/1983,44,42,14,,,,,https://www.presidency.ucsb.edu/statistics/data/ronald-reagan-public-approval
Ronald Reagan,1st term,07/22/1983,07/25/1983,42,47,11,,,,,https://www.presidency.ucsb.edu/statistics/data/ronald-reagan-public-approval
Ronald Reagan,1st term,06/24/1983,06/27/1983,47,44,9,,,,,https://www.presidency.ucsb.edu/statistics/data/ronald-reagan-public-approval
Ronald Reagan,1st term,06/10/1983,06/13/1983,43,45,12,,,,,https://www.presidency.ucsb.edu/statistics/data/ronald-reagan-public-approval
Ronald Reagan,1st term,05/20/1983,05/23/1983,46,43,11,,,,,https://www.presidency.ucsb.edu/statistics/data/ronald-reagan-public-approval
Ronald Reagan,1st term,05/13/1983,05/16/1983,43,45,12,,,,,https://www.presidency.ucsb.edu/statistics/data/ronald-reagan-public-approval
Ronald Reagan,1st term,04/29/1983,05/02/1983,43,46,11,,,,,https://www.presidency.ucsb.edu/statistics/data/ronald-reagan-public-approval
Ronald Reagan,1st term,04/15/1983,04/18/1983,41,49,10,,,,,https://www.presidency.ucsb.edu/statistics/data/ronald-reagan-public-approval
Ronald Reagan,1st term,03/11/1983,3/14/1983,41,49,10,,,,,https://www.presidency.ucsb.edu/statistics/data/ronald-reagan-public-approval
Ronald Reagan,1st term,2/25/1983,2/28/1983,40,50,10,,,,,https://www.presidency.ucsb.edu/statistics/data/ronald-reagan-public-approval
Ronald Reagan,1st term,01/28/1983,1/31/1983,35,56,9,,,,,https://www.presidency.ucsb.edu/statistics/data/ronald-reagan-public-approval
Ronald Reagan,1st term,01/21/1983,01/24/1983,37,53,10,,,,,https://www.presidency.ucsb.edu/statistics/data/ronald-reagan-public-approval
Ronald Reagan,1st term,01/14/1983,01/17/1983,37,54,9,,,,,https://www.presidency.ucsb.edu/statistics/data/ronald-reagan-public-approval
Ronald Reagan,1st term,12/10/1982,12/13/1982,41,50,9,,,,,https://www.presidency.ucsb.edu/statistics/data/ronald-reagan-public-approval
Ronald Reagan,1st term,11/19/1982,11/22/1982,43,47,10,,,,,https://www.presidency.ucsb.edu/statistics/data/ronald-reagan-public-approval
Ronald Reagan,1st term,11/05/1982,11/08/1982,43,47,10,,,,,https://www.presidency.ucsb.edu/statistics/data/ronald-reagan-public-approval
Ronald Reagan,1st term,10/15/1982,10/18/1982,42,48,10,,,,,https://www.presidency.ucsb.edu/statistics/data/ronald-reagan-public-approval
Ronald Reagan,1st term,09/17/1982,09/20/1982,42,48,10,,,,,https://www.presidency.ucsb.edu/statistics/data/ronald-reagan-public-approval
Ronald Reagan,1st term,08/27/1982,08/30/1982,42,46,12,,,,,https://www.presidency.ucsb.edu/statistics/data/ronald-reagan-public-approval
Ronald Reagan,1st term,08/13/1982,08/16/1982,41,49,10,,,,,https://www.presidency.ucsb.edu/statistics/data/ronald-reagan-public-approval
Ronald Reagan,1st term,07/30/1982,08/02/1982,41,47,12,,,,,https://www.presidency.ucsb.edu/statistics/data/ronald-reagan-public-approval
Ronald Reagan,1st term,07/23/1982,07/26/1982,42,46,12,,,,,https://www.presidency.ucsb.edu/statistics/data/ronald-reagan-public-approval
Ronald Reagan,1st term,06/25/1982,06/28/1982,44,46,10,,,,,https://www.presidency.ucsb.edu/statistics/data/ronald-reagan-public-approval
Ronald Reagan,1st term,06/11/1982,06/14/1982,45,45,10,,,,,https://www.presidency.ucsb.edu/statistics/data/ronald-reagan-public-approval
Ronald Reagan,1st term,05/14/1982,05/17/1982,45,44,11,,,,,https://www.presidency.ucsb.edu/statistics/data/ronald-reagan-public-approval
Ronald Reagan,1st term,04/30/1982,05/03/1982,44,46,10,,,,,https://www.presidency.ucsb.edu/statistics/data/ronald-reagan-public-approval
Ronald Reagan,1st term,04/23/1982,04/26/1982,43,47,10,,,,,https://www.presidency.ucsb.edu/statistics/data/ronald-reagan-public-approval
Ronald Reagan,1st term,04/02/1982,04/05/1982,45,46,9,,,,,https://www.presidency.ucsb.edu/statistics/data/ronald-reagan-public-approval
Ronald Reagan,1st term,3/12/1982,3/15/1982,46,45,9,,,,,https://www.presidency.ucsb.edu/statistics/data/ronald-reagan-public-approval
Ronald Reagan,1st term,2/5/1982,2/8/1982,47,43,10,,,,,https://www.presidency.ucsb.edu/statistics/data/ronald-reagan-public-approval
Ronald Reagan,1st term,01/22/1982,01/25/1982,47,42,11,,,,,https://www.presidency.ucsb.edu/statistics/data/ronald-reagan-public-approval
Ronald Reagan,1st term,1/8/1982,1/11/1982,49,40,11,,,,,https://www.presidency.ucsb.edu/statistics/data/ronald-reagan-public-approval
Ronald Reagan,1st term,12/11/1981,12/14/1981,49,41,10,,,,,https://www.presidency.ucsb.edu/statistics/data/ronald-reagan-public-approval
Ronald Reagan,1st term,11/20/1981,11/23/1981,54,37,9,,,,,https://www.presidency.ucsb.edu/statistics/data/ronald-reagan-public-approval
Ronald Reagan,1st term,11/13/1981,11/16/1981,49,40,11,,,,,https://www.presidency.ucsb.edu/statistics/data/ronald-reagan-public-approval
Ronald Reagan,1st term,10/30/1981,11/02/1981,53,35,12,,,,,https://www.presidency.ucsb.edu/statistics/data/ronald-reagan-public-approval
Ronald Reagan,1st term,10/02/1981,10/05/1981,56,35,9,,,,,https://www.presidency.ucsb.edu/statistics/data/ronald-reagan-public-approval
Ronald Reagan,1st term,09/18/1981,09/21/1981,52,37,11,,,,,https://www.presidency.ucsb.edu/statistics/data/ronald-reagan-public-approval
Ronald Reagan,1st term,08/14/1981,08/17/1981,60,29,11,,,,,https://www.presidency.ucsb.edu/statistics/data/ronald-reagan-public-approval
Ronald Reagan,1st term,07/31/1981,08/03/1981,60,28,12,,,,,https://www.presidency.ucsb.edu/statistics/data/ronald-reagan-public-approval
Ronald Reagan,1st term,07/24/1981,07/27/1981,56,30,14,,,,,https://www.presidency.ucsb.edu/statistics/data/ronald-reagan-public-approval
Ronald Reagan,1st term,07/17/1981,07/20/1981,60,29,11,,,,,https://www.presidency.ucsb.edu/statistics/data/ronald-reagan-public-approval
Ronald Reagan,1st term,06/26/1981,06/29/1981,58,30,12,,,,,https://www.presidency.ucsb.edu/statistics/data/ronald-reagan-public-approval
Ronald Reagan,1st term,06/19/1981,06/22/1981,59,29,12,,,,,https://www.presidency.ucsb.edu/statistics/data/ronald-reagan-public-approval
Ronald Reagan,1st term,06/05/1981,06/08/1981,59,28,13,,,,,https://www.presidency.ucsb.edu/statistics/data/ronald-reagan-public-approval
Ronald Reagan,1st term,05/08/1981,05/11/1981,68,21,11,,,,,https://www.presidency.ucsb.edu/statistics/data/ronald-reagan-public-approval
Ronald Reagan,1st term,04/10/1981,04/13/1981,67,19,14,,,,,https://www.presidency.ucsb.edu/statistics/data/ronald-reagan-public-approval
Ronald Reagan,1st term,4/3/1981,4/6/1981,67,18,15,,,,,https://www.presidency.ucsb.edu/statistics/data/ronald-reagan-public-approval
Ronald Reagan,1st term,3/13/1981,3/16/1981,60,24,16,,,,,https://www.presidency.ucsb.edu/statistics/data/ronald-reagan-public-approval
Ronald Reagan,1st term,2/13/1981,2/16/1981,55,18,27,,,,,https://www.presidency.ucsb.edu/statistics/data/ronald-reagan-public-approval
Ronald Reagan,1st term,1/30/1981,02/02/1981,51,13,36,,,,,https://www.presidency.ucsb.edu/statistics/data/ronald-reagan-public-approval
Jimmy Carter,1st term,12/05/1980,12/08/1980,34,55,11,,,,,https://www.presidency.ucsb.edu/statistics/data/jimmy-carter-public-approval
Jimmy Carter,1st term,11/21/1980,11/24/1980,31,56,13,,,,,https://www.presidency.ucsb.edu/statistics/data/jimmy-carter-public-approval
Jimmy Carter,1st term,09/12/1980,09/15/1980,37,55,8,,,,,https://www.presidency.ucsb.edu/statistics/data/jimmy-carter-public-approval
Jimmy Carter,1st term,08/15/1980,08/18/1980,32,55,13,,,,,https://www.presidency.ucsb.edu/statistics/data/jimmy-carter-public-approval
Jimmy Carter,1st term,07/11/1980,07/14/1980,33,55,12,,,,,https://www.presidency.ucsb.edu/statistics/data/jimmy-carter-public-approval
Jimmy Carter,1st term,06/27/1980,06/30/1980,31,58,11,,,,,https://www.presidency.ucsb.edu/statistics/data/jimmy-carter-public-approval
Jimmy Carter,1st term,06/13/1980,06/16/1980,32,56,12,,,,,https://www.presidency.ucsb.edu/statistics/data/jimmy-carter-public-approval
Jimmy Carter,1st term,05/30/1980,06/02/1980,38,52,10,,,,,https://www.presidency.ucsb.edu/statistics/data/jimmy-carter-public-approval
Jimmy Carter,1st term,05/16/1980,05/19/1980,38,51,11,,,,,https://www.presidency.ucsb.edu/statistics/data/jimmy-carter-public-approval
Jimmy Carter,1st term,05/02/1980,05/05/1980,43,47,10,,,,,https://www.presidency.ucsb.edu/statistics/data/jimmy-carter-public-approval
Jimmy Carter,1st term,04/11/1980,04/14/1980,39,50,11,,,,,https://www.presidency.ucsb.edu/statistics/data/jimmy-carter-public-approval
Jimmy Carter,1st term,03/27/1980,03/30/1980,39,51,10,,,,,https://www.presidency.ucsb.edu/statistics/data/jimmy-carter-public-approval
Jimmy Carter,1st term,03/07/1980,03/10/1980,43,45,12,,,,,https://www.presidency.ucsb.edu/statistics/data/jimmy-carter-public-approval
Jimmy Carter,1st term,02/29/1980,03/03/1980,52,38,10,,,,,https://www.presidency.ucsb.edu/statistics/data/jimmy-carter-public-approval
Jimmy Carter,1st term,02/01/1980,02/04/1980,55,36,9,,,,,https://www.presidency.ucsb.edu/statistics/data/jimmy-carter-public-approval
Jimmy Carter,1st term,01/25/1980,01/28/1980,58,32,10,,,,,https://www.presidency.ucsb.edu/statistics/data/jimmy-carter-public-approval
Jimmy Carter,1st term,01/05/1980,01/08/1980,56,33,11,,,,,https://www.presidency.ucsb.edu/statistics/data/jimmy-carter-public-approval
Jimmy Carter,1st term,12/07/1979,12/10/1979,54,35,11,,,,,https://www.presidency.ucsb.edu/statistics/data/jimmy-carter-public-approval
Jimmy Carter,1st term,11/30/1979,12/3/1979,51,37,12,,,,,https://www.presidency.ucsb.edu/statistics/data/jimmy-carter-public-approval
Jimmy Carter,1st term,11/16/1979,11/19/1979,38,49,13,,,,,https://www.presidency.ucsb.edu/statistics/data/jimmy-carter-public-approval
Jimmy Carter,1st term,11/2/1979,11/5/1979,32,55,13,,,,,https://www.presidency.ucsb.edu/statistics/data/jimmy-carter-public-approval
Jimmy Carter,1st term,10/12/1979,10/15/1979,31,55,14,,,,,https://www.presidency.ucsb.edu/statistics/data/jimmy-carter-public-approval
Jimmy Carter,1st term,10/05/1979,10/08/1979,29,58,13,,,,,https://www.presidency.ucsb.edu/statistics/data/jimmy-carter-public-approval
Jimmy Carter,1st term,09/28/1979,10/01/1979,33,54,13,,,,,https://www.presidency.ucsb.edu/statistics/data/jimmy-carter-public-approval
Jimmy Carter,1st term,09/07/1979,09/10/1979,30,55,15,,,,,https://www.presidency.ucsb.edu/statistics/data/jimmy-carter-public-approval
Jimmy Carter,1st term,08/17/1979,08/20/1979,32,54,14,,,,,https://www.presidency.ucsb.edu/statistics/data/jimmy-carter-public-approval
Jimmy Carter,1st term,08/10/1979,08/13/1979,33,55,12,,,,,https://www.presidency.ucsb.edu/statistics/data/jimmy-carter-public-approval
Jimmy Carter,1st term,08/03/1979,08/06/1979,32,53,15,,,,,https://www.presidency.ucsb.edu/statistics/data/jimmy-carter-public-approval
Jimmy Carter,1st term,07/13/1979,07/16/1979,29,58,13,,,,,https://www.presidency.ucsb.edu/statistics/data/jimmy-carter-public-approval
Jimmy Carter,1st term,06/29/1979,07/02/1979,28,59,13,,,,,https://www.presidency.ucsb.edu/statistics/data/jimmy-carter-public-approval
Jimmy Carter,1st term,06/22/1979,06/25/1979,29,57,14,,,,,https://www.presidency.ucsb.edu/statistics/data/jimmy-carter-public-approval
Jimmy Carter,1st term,06/01/1979,06/04/1979,29,56,15,,,,,https://www.presidency.ucsb.edu/statistics/data/jimmy-carter-public-approval
Jimmy Carter,1st term,05/18/1979,05/21/1979,32,53,15,,,,,https://www.presidency.ucsb.edu/statistics/data/jimmy-carter-public-approval
Jimmy Carter,1st term,05/04/1979,05/07/1979,37,49,14,,,,,https://www.presidency.ucsb.edu/statistics/data/jimmy-carter-public-approval
Jimmy Carter,1st term,04/06/1979,04/09/1979,40,46,14,,,,,https://www.presidency.ucsb.edu/statistics/data/jimmy-carter-public-approval
Jimmy Carter,1st term,03/23/1979,03/31/1979,42,44,14,,,,,https://www.presidency.ucsb.edu/statistics/data/jimmy-carter-public-approval
Jimmy Carter,1st term,03/16/1979,03/19/1979,47,39,14,,,,,https://www.presidency.ucsb.edu/statistics/data/jimmy-carter-public-approval
Jimmy Carter,1st term,03/02/1979,03/05/1979,39,48,13,,,,,https://www.presidency.ucsb.edu/statistics/data/jimmy-carter-public-approval
Jimmy Carter,1st term,02/23/1979,02/26/1979,37,46,17,,,,,https://www.presidency.ucsb.edu/statistics/data/jimmy-carter-public-approval
Jimmy Carter,1st term,02/02/1979,02/05/1979,42,42,16,,,,,https://www.presidency.ucsb.edu/statistics/data/jimmy-carter-public-approval
Jimmy Carter,1st term,01/19/1979,01/22/1979,43,41,16,,,,,https://www.presidency.ucsb.edu/statistics/data/jimmy-carter-public-approval
Jimmy Carter,1st term,01/05/1979,01/08/1979,50,36,14,,,,,https://www.presidency.ucsb.edu/statistics/data/jimmy-carter-public-approval
Jimmy Carter,1st term,12/08/1978,12/11/1978,51,34,15,,,,,https://www.presidency.ucsb.edu/statistics/data/jimmy-carter-public-approval
Jimmy Carter,1st term,12/01/1978,12/04/1978,50,34,16,,,,,https://www.presidency.ucsb.edu/statistics/data/jimmy-carter-public-approval
Jimmy Carter,1st term,11/10/1978,11/13/1978,52,36,12,,,,,https://www.presidency.ucsb.edu/statistics/data/jimmy-carter-public-approval
Jimmy Carter,1st term,10/27/1978,10/30/1978,49,36,15,,,,,https://www.presidency.ucsb.edu/statistics/data/jimmy-carter-public-approval
Jimmy Carter,1st term,09/22/1978,09/25/1978,48,34,18,,,,,https://www.presidency.ucsb.edu/statistics/data/jimmy-carter-public-approval
Jimmy Carter,1st term,09/15/1978,09/18/1978,45,40,15,,,,,https://www.presidency.ucsb.edu/statistics/data/jimmy-carter-public-approval
Jimmy Carter,1st term,09/08/1978,09/11/1978,42,42,16,,,,,https://www.presidency.ucsb.edu/statistics/data/jimmy-carter-public-approval
Jimmy Carter,1st term,08/18/1978,08/21/1978,43,41,16,,,,,https://www.presidency.ucsb.edu/statistics/data/jimmy-carter-public-approval
Jimmy Carter,1st term,08/11/1978,08/14/1978,40,43,17,,,,,https://www.presidency.ucsb.edu/statistics/data/jimmy-carter-public-approval
Jimmy Carter,1st term,08/04/1978,08/07/1978,39,44,17,,,,,https://www.presidency.ucsb.edu/statistics/data/jimmy-carter-public-approval
Jimmy Carter,1st term,07/21/1978,07/24/1978,39,44,17,,,,,https://www.presidency.ucsb.edu/statistics/data/jimmy-carter-public-approval
Jimmy Carter,1st term,07/08/1978,07/10/1978,40,41,19,,,,,https://www.presidency.ucsb.edu/statistics/data/jimmy-carter-public-approval
Jimmy Carter,1st term,06/16/1978,06/19/1978,42,42,16,,,,,https://www.presidency.ucsb.edu/statistics/data/jimmy-carter-public-approval
Jimmy Carter,1st term,06/02/1978,06/05/1978,44,41,15,,,,,https://www.presidency.ucsb.edu/statistics/data/jimmy-carter-public-approval
Jimmy Carter,1st term,05/19/1978,05/22/1978,43,43,14,,,,,https://www.presidency.ucsb.edu/statistics/data/jimmy-carter-public-approval
Jimmy Carter,1st term,05/05/1978,05/08/1978,41,43,16,,,,,https://www.presidency.ucsb.edu/statistics/data/jimmy-carter-public-approval
Jimmy Carter,1st term,04/28/1978,05/01/1978,41,42,17,,,,,https://www.presidency.ucsb.edu/statistics/data/jimmy-carter-public-approval
Jimmy Carter,1st term,04/14/1978,04/17/1978,40,44,16,,,,,https://www.presidency.ucsb.edu/statistics/data/jimmy-carter-public-approval
Jimmy Carter,1st term,03/31/1978,04/03/1978,48,39,13,,,,,https://www.presidency.ucsb.edu/statistics/data/jimmy-carter-public-approval
Jimmy Carter,1st term,03/10/1978,03/13/1978,50,35,15,,,,,https://www.presidency.ucsb.edu/statistics/data/jimmy-carter-public-approval
Jimmy Carter,1st term,03/02/1978,03/05/1978,49,33,18,,,,,https://www.presidency.ucsb.edu/statistics/data/jimmy-carter-public-approval
Jimmy Carter,1st term,02/24/1978,02/27/1978,50,33,17,,,,,https://www.presidency.ucsb.edu/statistics/data/jimmy-carter-public-approval
Jimmy Carter,1st term,02/11/1978,02/14/1978,47,34,19,,,,,https://www.presidency.ucsb.edu/statistics/data/jimmy-carter-public-approval
Jimmy Carter,1st term,01/20/1978,01/23/1978,52,28,20,,,,,https://www.presidency.ucsb.edu/statistics/data/jimmy-carter-public-approval
Jimmy Carter,1st term,01/06/1978,01/09/1978,55,27,18,,,,,https://www.presidency.ucsb.edu/statistics/data/jimmy-carter-public-approval
Jimmy Carter,1st term,12/09/1977,12/12/1977,57,27,16,,,,,https://www.presidency.ucsb.edu/statistics/data/jimmy-carter-public-approval
Jimmy Carter,1st term,11/18/1977,11/21/1977,56,30,14,,,,,https://www.presidency.ucsb.edu/statistics/data/jimmy-carter-public-approval
Jimmy Carter,1st term,11/04/1977,11/07/1977,55,30,15,,,,,https://www.presidency.ucsb.edu/statistics/data/jimmy-carter-public-approval
Jimmy Carter,1st term,10/28/1977,10/31/1977,51,31,18,,,,,https://www.presidency.ucsb.edu/statistics/data/jimmy-carter-public-approval
Jimmy Carter,1st term,10/21/1977,10/24/1977,54,30,16,,,,,https://www.presidency.ucsb.edu/statistics/data/jimmy-carter-public-approval
Jimmy Carter,1st term,10/14/1977,10/17/1977,55,29,16,,,,,https://www.presidency.ucsb.edu/statistics/data/jimmy-carter-public-approval
Jimmy Carter,1st term,09/30/1977,10/03/1977,59,24,17,,,,,https://www.presidency.ucsb.edu/statistics/data/jimmy-carter-public-approval
Jimmy Carter,1st term,09/09/1977,09/12/1977,54,29,17,,,,,https://www.presidency.ucsb.edu/statistics/data/jimmy-carter-public-approval
Jimmy Carter,1st term,08/19/1977,08/22/1977,66,16,18,,,,,https://www.presidency.ucsb.edu/statistics/data/jimmy-carter-public-approval
Jimmy Carter,1st term,08/05/1977,08/08/1977,60,23,17,,,,,https://www.presidency.ucsb.edu/statistics/data/jimmy-carter-public-approval
Jimmy Carter,1st term,07/22/1977,07/25/1977,67,17,16,,,,,https://www.presidency.ucsb.edu/statistics/data/jimmy-carter-public-approval
Jimmy Carter,1st term,07/08/1977,07/11/1977,62,22,16,,,,,https://www.presidency.ucsb.edu/statistics/data/jimmy-carter-public-approval
Jimmy Carter,1st term,06/17/1977,06/20/1977,63,18,19,,,,,https://www.presidency.ucsb.edu/statistics/data/jimmy-carter-public-approval
Jimmy Carter,1st term,06/03/1977,06/06/1977,63,19,18,,,,,https://www.presidency.ucsb.edu/statistics/data/jimmy-carter-public-approval
Jimmy Carter,1st term,05/20/1977,05/23/1977,64,19,17,,,,,https://www.presidency.ucsb.edu/statistics/data/jimmy-carter-public-approval
Jimmy Carter,1st term,05/06/1977,05/09/1977,66,19,15,,,,,https://www.presidency.ucsb.edu/statistics/data/jimmy-carter-public-approval
Jimmy Carter,1st term,04/29/1977,05/02/1977,63,18,19,,,,,https://www.presidency.ucsb.edu/statistics/data/jimmy-carter-public-approval
Jimmy Carter,1st term,04/15/1977,04/18/1977,63,18,19,,,,,https://www.presidency.ucsb.edu/statistics/data/jimmy-carter-public-approval
Jimmy Carter,1st term,04/01/1977,04/04/1977,67,14,19,,,,,https://www.presidency.ucsb.edu/statistics/data/jimmy-carter-public-approval
Jimmy Carter,1st term,03/25/1977,03/28/1977,72,10,18,,,,,https://www.presidency.ucsb.edu/statistics/data/jimmy-carter-public-approval
Jimmy Carter,1st term,03/18/1977,03/21/1977,75,9,16,,,,,https://www.presidency.ucsb.edu/statistics/data/jimmy-carter-public-approval
Jimmy Carter,1st term,03/04/1977,03/07/1977,70,9,21,,,,,https://www.presidency.ucsb.edu/statistics/data/jimmy-carter-public-approval
Jimmy Carter,1st term,02/18/1977,02/21/1977,71,9,20,,,,,https://www.presidency.ucsb.edu/statistics/data/jimmy-carter-public-approval
Jimmy Carter,1st term,02/04/1977,02/07/1977,66,8,26,,,,,https://www.presidency.ucsb.edu/statistics/data/jimmy-carter-public-approval
Gerald R. Ford,1st term,12/10/1976,12/13/1976,53,32,15,40,54,80,,https://www.presidency.ucsb.edu/statistics/data/gerald-r-ford-public-approval
Gerald R. Ford,1st term,06/11/1976,06/14/1976,45,40,15,35,46,68,,https://www.presidency.ucsb.edu/statistics/data/gerald-r-ford-public-approval
Gerald R. Ford,1st term,05/20/1976,05/23/1976,47,38,15,36,51,64,,https://www.presidency.ucsb.edu/statistics/data/gerald-r-ford-public-approval
Gerald R. Ford,1st term,04/09/1976,04/12/1976,48,41,11,35,49,72,,https://www.presidency.ucsb.edu/statistics/data/gerald-r-ford-public-approval
Gerald R. Ford,1st term,03/19/1976,03/22/1976,50,36,14,36,55,73,,https://www.presidency.ucsb.edu/statistics/data/gerald-r-ford-public-approval
Gerald R. Ford,1st term,02/27/1976,03/01/1976,48,38,14,37,52,69,,https://www.presidency.ucsb.edu/statistics/data/gerald-r-ford-public-approval
Gerald R. Ford,1st term,01/30/1976,02/02/1976,46,40,14,35,47,67,,https://www.presidency.ucsb.edu/statistics/data/gerald-r-ford-public-approval
Gerald R. Ford,1st term,01/23/1976,01/26/1976,45,45,10,35,47,63,,https://www.presidency.ucsb.edu/statistics/data/gerald-r-ford-public-approval
Gerald R. Ford,1st term,1/2/1976,1/5/1976,46,42,12,35,50,66,,https://www.presidency.ucsb.edu/statistics/data/gerald-r-ford-public-approval
Gerald R. Ford,1st term,12/12/1975,12/15/1975,39,46,15,30,38,59,,https://www.presidency.ucsb.edu/statistics/data/gerald-r-ford-public-approval
Gerald R. Ford,1st term,12/05/1975,12/08/1975,46,37,17,33,46,67,,https://www.presidency.ucsb.edu/statistics/data/gerald-r-ford-public-approval
Gerald R. Ford,1st term,11/21/1975,11/24/1975,41,46,13,30,42,60,,https://www.presidency.ucsb.edu/statistics/data/gerald-r-ford-public-approval
Gerald R. Ford,1st term,10/31/1975,11/3/1975,44,44,12,29,48,70,,https://www.presidency.ucsb.edu/statistics/data/gerald-r-ford-public-approval
Gerald R. Ford,1st term,10/17/1975,10/20/1975,47,40,13,33,49,74,,https://www.presidency.ucsb.edu/statistics/data/gerald-r-ford-public-approval
Gerald R. Ford,1st term,10/03/1975,10/06/1975,47,37,16,34,50,71,,https://www.presidency.ucsb.edu/statistics/data/gerald-r-ford-public-approval
Gerald R. Ford,1st term,09/12/1975,09/15/1975,45,38,17,36,48,63,,https://www.presidency.ucsb.edu/statistics/data/gerald-r-ford-public-approval
Gerald R. Ford,1st term,08/15/1975,08/18/1975,46,37,17,32,49,67,,https://www.presidency.ucsb.edu/statistics/data/gerald-r-ford-public-approval
Gerald R. Ford,1st term,08/01/1975,08/04/1975,45,37,18,37,45,65,,https://www.presidency.ucsb.edu/statistics/data/gerald-r-ford-public-approval
Gerald R. Ford,1st term,06/27/1975,06/30/1975,52,33,15,41,54,70,,https://www.presidency.ucsb.edu/statistics/data/gerald-r-ford-public-approval
Gerald R. Ford,1st term,05/30/1975,06/02/1975,51,33,16,40,57,68,,https://www.presidency.ucsb.edu/statistics/data/gerald-r-ford-public-approval
Gerald R. Ford,1st term,05/02/1975,05/05/1975,40,43,17,28,41,64,,https://www.presidency.ucsb.edu/statistics/data/gerald-r-ford-public-approval
Gerald R. Ford,1st term,04/18/1975,04/21/1975,39,46,15,29,41,61,,https://www.presidency.ucsb.edu/statistics/data/gerald-r-ford-public-approval
Gerald R. Ford,1st term,04/04/1975,04/07/1975,44,37,19,34,43,63,,https://www.presidency.ucsb.edu/statistics/data/gerald-r-ford-public-approval
Gerald R. Ford,1st term,03/28/1975,03/31/1975,37,43,20,29,35,60,,https://www.presidency.ucsb.edu/statistics/data/gerald-r-ford-public-approval
Gerald R. Ford,1st term,03/07/1975,03/10/1975,38,45,17,28,36,65,,https://www.presidency.ucsb.edu/statistics/data/gerald-r-ford-public-approval
Gerald R. Ford,1st term,02/28/1975,03/02/1975,39,45,16,29,38,60,,https://www.presidency.ucsb.edu/statistics/data/gerald-r-ford-public-approval
Gerald R. Ford,1st term,01/28/1975,02/03/1975,39,43,18,28,38,63,,https://www.presidency.ucsb.edu/statistics/data/gerald-r-ford-public-approval
Gerald R. Ford,1st term,01/10/1975,01/13/1975,37,39,24,31,35,57,,https://www.presidency.ucsb.edu/statistics/data/gerald-r-ford-public-approval
Gerald R. Ford,1st term,12/06/1974,12/09/1974,42,41,17,32,53,60,,https://www.presidency.ucsb.edu/statistics/data/gerald-r-ford-public-approval
Gerald R. Ford,1st term,11/15/1974,11/18/1974,48,32,20,41,48,67,,https://www.presidency.ucsb.edu/statistics/data/gerald-r-ford-public-approval
Gerald R. Ford,1st term,11/08/1974,11/11/1974,47,33,20,37,47,72,,https://www.presidency.ucsb.edu/statistics/data/gerald-r-ford-public-approval
Gerald R. Ford,1st term,10/18/1974,10/21/1974,54,28,18,44,56,73,,https://www.presidency.ucsb.edu/statistics/data/gerald-r-ford-public-approval
Gerald R. Ford,1st term,10/11/1974,10/14/1974,52,29,19,42,53,73,,https://www.presidency.ucsb.edu/statistics/data/gerald-r-ford-public-approval
Gerald R. Ford,1st term,09/27/1974,09/30/1974,50,28,22,43,52,65,,https://www.presidency.ucsb.edu/statistics/data/gerald-r-ford-public-approval
Gerald R. Ford,1st term,09/06/1974,09/09/1974,66,13,21,61,66,77,,https://www.presidency.ucsb.edu/statistics/data/gerald-r-ford-public-approval
Gerald R. Ford,1st term,08/16/1974,08/19/1974,71,3,26,68,70,77,,https://www.presidency.ucsb.edu/statistics/data/gerald-r-ford-public-approval
Richard Nixon,1st term,08/02/1974,08/05/1974,24,66,10,13,22,50,,https://www.presidency.ucsb.edu/statistics/data/richard-m-nixon-public-approval
Richard Nixon,1st term,07/12/1974,07/15/1974,24,63,13,11,24,50,,https://www.presidency.ucsb.edu/statistics/data/richard-m-nixon-public-approval
Richard Nixon,1st term,06/28/1974,07/01/1974,28,58,14,13,27,55,,https://www.presidency.ucsb.edu/statistics/data/richard-m-nixon-public-approval
Richard Nixon,1st term,06/21/1974,06/24/1974,26,61,13,15,27,48,,https://www.presidency.ucsb.edu/statistics/data/richard-m-nixon-public-approval
Richard Nixon,1st term,05/31/1974,06/03/1974,28,61,11,16,27,53,,https://www.presidency.ucsb.edu/statistics/data/richard-m-nixon-public-approval
Richard Nixon,1st term,05/17/1974,05/20/1974,26,61,13,12,27,54,,https://www.presidency.ucsb.edu/statistics/data/richard-m-nixon-public-approval
Richard Nixon,1st term,05/10/1974,05/13/1974,25,61,14,14,23,48,,https://www.presidency.ucsb.edu/statistics/data/richard-m-nixon-public-approval
Richard Nixon,1st term,05/03/1974,05/06/1974,25,58,17,15,26,50,,https://www.presidency.ucsb.edu/statistics/data/richard-m-nixon-public-approval
Richard Nixon,1st term,04/19/1974,04/22/1974,26,60,14,14,27,53,,https://www.presidency.ucsb.edu/statistics/data/richard-m-nixon-public-approval
Richard Nixon,1st term,04/12/1974,04/15/1974,25,62,13,11,24,53,,https://www.presidency.ucsb.edu/statistics/data/richard-m-nixon-public-approval
Richard Nixon,1st term,03/29/1974,04/01/1974,26,65,9,11,27,56,,https://www.presidency.ucsb.edu/statistics/data/richard-m-nixon-public-approval
Richard Nixon,1st term,03/08/1974,03/11/1974,26,62,12,14,25,53,,https://www.presidency.ucsb.edu/statistics/data/richard-m-nixon-public-approval
Richard Nixon,1st term,02/22/1974,02/25/1974,25,64,11,14,24,55,,https://www.presidency.ucsb.edu/statistics/data/richard-m-nixon-public-approval
Richard Nixon,1st term,02/08/1974,02/11/1974,27,63,10,12,26,54,,https://www.presidency.ucsb.edu/statistics/data/richard-m-nixon-public-approval
Richard Nixon,1st term,02/01/1974,02/04/1974,28,59,13,16,25,59,,https://www.presidency.ucsb.edu/statistics/data/richard-m-nixon-public-approval
Richard Nixon,1st term,01/18/1974,01/21/1974,26,64,10,12,28,53,,https://www.presidency.ucsb.edu/statistics/data/richard-m-nixon-public-approval
Richard Nixon,1st term,01/04/1974,01/07/1974,27,63,10,11,26,53,,https://www.presidency.ucsb.edu/statistics/data/richard-m-nixon-public-approval
Richard Nixon,1st term,12/07/1973,12/10/1973,29,60,11,17,26,53,,https://www.presidency.ucsb.edu/statistics/data/richard-m-nixon-public-approval
Richard Nixon,1st term,11/30/1973,12/03/1973,31,59,10,17,30,55,,https://www.presidency.ucsb.edu/statistics/data/richard-m-nixon-public-approval
Richard Nixon,1st term,11/02/1973,11/05/1973,27,63,10,13,25,56,,https://www.presidency.ucsb.edu/statistics/data/richard-m-nixon-public-approval
Richard Nixon,1st term,10/19/1973,10/22/1973,27,60,13,15,27,54,,https://www.presidency.ucsb.edu/statistics/data/richard-m-nixon-public-approval
Richard Nixon,1st term,10/05/1973,10/08/1973,30,57,13,16,29,57,,https://www.presidency.ucsb.edu/statistics/data/richard-m-nixon-public-approval
Richard Nixon,1st term,09/21/1973,09/24/1973,33,59,8,17,32,65,,https://www.presidency.ucsb.edu/statistics/data/richard-m-nixon-public-approval
Richard Nixon,1st term,09/07/1973,09/10/1973,34,56,10,17,34,63,,https://www.presidency.ucsb.edu/statistics/data/richard-m-nixon-public-approval
Richard Nixon,1st term,08/17/1973,08/20/1973,36,54,10,20,37,63,,https://www.presidency.ucsb.edu/statistics/data/richard-m-nixon-public-approval
Richard Nixon,1st term,08/03/1973,08/06/1973,31,58,11,19,30,58,,https://www.presidency.ucsb.edu/statistics/data/richard-m-nixon-public-approval
Richard Nixon,1st term,07/06/1973,07/09/1973,39,49,12,24,40,67,,https://www.presidency.ucsb.edu/statistics/data/richard-m-nixon-public-approval
Richard Nixon,1st term,06/22/1973,06/25/1973,44,45,11,27,45,76,,https://www.presidency.ucsb.edu/statistics/data/richard-m-nixon-public-approval
Richard Nixon,1st term,06/01/1973,06/04/1973,44,44,12,26,45,72,,https://www.presidency.ucsb.edu/statistics/data/richard-m-nixon-public-approval
Richard Nixon,1st term,05/11/1973,05/14/1973,44,45,11,28,43,73,,https://www.presidency.ucsb.edu/statistics/data/richard-m-nixon-public-approval
Richard Nixon,1st term,05/04/1973,05/07/1973,45,42,13,24,49,74,,https://www.presidency.ucsb.edu/statistics/data/richard-m-nixon-public-approval
Richard Nixon,1st term,04/27/1973,04/29/1973,48,40,12,33,45,76,,https://www.presidency.ucsb.edu/statistics/data/richard-m-nixon-public-approval
Richard Nixon,1st term,04/06/1973,04/09/1973,54,36,10,38,55,83,,https://www.presidency.ucsb.edu/statistics/data/richard-m-nixon-public-approval
Richard Nixon,1st term,03/30/1973,04/02/1973,57,34,9,40,63,85,,https://www.presidency.ucsb.edu/statistics/data/richard-m-nixon-public-approval
Richard Nixon,1st term,02/16/1973,02/19/1973,65,25,10,47,69,91,,https://www.presidency.ucsb.edu/statistics/data/richard-m-nixon-public-approval
Richard Nixon,1st term,01/26/1973,01/29/1973,67,25,8,51,72,89,,https://www.presidency.ucsb.edu/statistics/data/richard-m-nixon-public-approval
Richard Nixon,1st term,01/12/1973,01/15/1973,51,37,12,36,51,81,,https://www.presidency.ucsb.edu/statistics/data/richard-m-nixon-public-approval
Richard Nixon,1st term,12/08/1972,12/11/1972,59,30,11,42,60,88,,https://www.presidency.ucsb.edu/statistics/data/richard-m-nixon-public-approval
Richard Nixon,1st term,11/11/1972,11/14/1972,62,28,10,46,60,90,,https://www.presidency.ucsb.edu/statistics/data/richard-m-nixon-public-approval
Richard Nixon,1st term,06/23/1972,06/26/1972,56,33,11,39,61,86,,https://www.presidency.ucsb.edu/statistics/data/richard-m-nixon-public-approval
Richard Nixon,1st term,06/16/1972,06/19/1972,59,30,11,45,64,83,,https://www.presidency.ucsb.edu/statistics/data/richard-m-nixon-public-approval
Richard Nixon,1st term,05/26/1972,05/29/1972,62,30,8,46,63,89,,https://www.presidency.ucsb.edu/statistics/data/richard-m-nixon-public-approval
Richard Nixon,1st term,04/28/1972,05/01/1972,54,37,9,39,53,82,,https://www.presidency.ucsb.edu/statistics/data/richard-m-nixon-public-approval
Richard Nixon,1st term,03/24/1972,03/27/1972,53,36,11,37,55,82,,https://www.presidency.ucsb.edu/statistics/data/richard-m-nixon-public-approval
Richard Nixon,1st term,03/03/1972,03/05/1972,56,32,12,39,56,83,,https://www.presidency.ucsb.edu/statistics/data/richard-m-nixon-public-approval
Richard Nixon,1st term,02/04/1972,02/07/1972,52,37,11,36,51,81,,https://www.presidency.ucsb.edu/statistics/data/richard-m-nixon-public-approval
Richard Nixon,1st term,01/07/1972,01/10/1972,49,39,12,32,51,80,,https://www.presidency.ucsb.edu/statistics/data/richard-m-nixon-public-approval
Richard Nixon,1st term,12/10/1971,12/13/1971,50,37,13,35,46,84,,https://www.presidency.ucsb.edu/statistics/data/richard-m-nixon-public-approval
Richard Nixon,1st term,10/29/1971,11/02/1971,49,37,14,35,48,75,,https://www.presidency.ucsb.edu/statistics/data/richard-m-nixon-public-approval
Richard Nixon,1st term,10/08/1971,10/11/1971,52,38,10,38,46,80,,https://www.presidency.ucsb.edu/statistics/data/richard-m-nixon-public-approval
Richard Nixon,1st term,08/27/1971,08/30/1971,49,38,13,35,50,75,,https://www.presidency.ucsb.edu/statistics/data/richard-m-nixon-public-approval
Richard Nixon,1st term,07/15/1971,07/18/1971,50,37,13,35,42,82,,https://www.presidency.ucsb.edu/statistics/data/richard-m-nixon-public-approval
Richard Nixon,1st term,06/25/1971,06/28/1971,48,39,13,34,47,73,,https://www.presidency.ucsb.edu/statistics/data/richard-m-nixon-public-approval
Richard Nixon,1st term,06/04/1971,06/07/1971,48,37,15,36,43,79,,https://www.presidency.ucsb.edu/statistics/data/richard-m-nixon-public-approval
Richard Nixon,1st term,05/14/1971,05/17/1971,50,35,15,31,51,78,,https://www.presidency.ucsb.edu/statistics/data/richard-m-nixon-public-approval
Richard Nixon,1st term,04/23/1971,04/26/1971,50,38,12,34,50,81,,https://www.presidency.ucsb.edu/statistics/data/richard-m-nixon-public-approval
Richard Nixon,1st term,04/02/1971,04/05/1971,49,38,13,34,47,77,,https://www.presidency.ucsb.edu/statistics/data/richard-m-nixon-public-approval
Richard Nixon,1st term,03/11/1971,03/14/1971,50,37,13,34,49,81,,https://www.presidency.ucsb.edu/statistics/data/richard-m-nixon-public-approval
Richard Nixon,1st term,02/19/1971,02/22/1971,49,37,14,36,50,76,,https://www.presidency.ucsb.edu/statistics/data/richard-m-nixon-public-approval
Richard Nixon,1st term,01/08/1971,01/11/1971,56,33,11,42,52,80,,https://www.presidency.ucsb.edu/statistics/data/richard-m-nixon-public-approval
Richard Nixon,1st term,12/03/1970,12/08/1970,52,34,14,34,51,79,,https://www.presidency.ucsb.edu/statistics/data/richard-m-nixon-public-approval
Richard Nixon,1st term,11/12/1970,11/17/1970,57,30,13,40,58,85,,https://www.presidency.ucsb.edu/statistics/data/richard-m-nixon-public-approval
Richard Nixon,1st term,10/09/1970,10/14/1970,58,27,15,44,57,82,,https://www.presidency.ucsb.edu/statistics/data/richard-m-nixon-public-approval
Richard Nixon,1st term,09/25/1970,09/28/1970,51,31,18,34,49,82,,https://www.presidency.ucsb.edu/statistics/data/richard-m-nixon-public-approval
Richard Nixon,1st term,09/11/1970,09/14/1970,57,30,13,44,50,85,,https://www.presidency.ucsb.edu/statistics/data/richard-m-nixon-public-approval
Richard Nixon,1st term,08/25/1970,09/01/1970,55,31,14,41,52,80,,https://www.presidency.ucsb.edu/statistics/data/richard-m-nixon-public-approval
Richard Nixon,1st term,07/31/1970,08/02/1970,55,32,13,40,56,81,,https://www.presidency.ucsb.edu/statistics/data/richard-m-nixon-public-approval
Richard Nixon,1st term,07/09/1970,07/14/1970,61,28,11,48,57,84,,https://www.presidency.ucsb.edu/statistics/data/richard-m-nixon-public-approval
Richard Nixon,1st term,06/18/1970,06/23/1970,55,31,14,40,50,79,,https://www.presidency.ucsb.edu/statistics/data/richard-m-nixon-public-approval
Richard Nixon,1st term,05/21/1970,05/26/1970,59,29,12,43,62,83,,https://www.presidency.ucsb.edu/statistics/data/richard-m-nixon-public-approval
Richard Nixon,1st term,04/29/1970,05/03/1970,57,32,11,42,58,80,,https://www.presidency.ucsb.edu/statistics/data/richard-m-nixon-public-approval
Richard Nixon,1st term,04/16/1970,04/21/1970,56,31,13,42,56,80,,https://www.presidency.ucsb.edu/statistics/data/richard-m-nixon-public-approval
Richard Nixon,1st term,03/18/1970,03/25/1970,54,34,12,38,56,82,,https://www.presidency.ucsb.edu/statistics/data/richard-m-nixon-public-approval
Richard Nixon,1st term,02/27/1970,03/02/1970,56,27,17,38,60,82,,https://www.presidency.ucsb.edu/statistics/data/richard-m-nixon-public-approval
Richard Nixon,1st term,01/30/1970,02/02/1970,64,24,12,45,68,90,,https://www.presidency.ucsb.edu/statistics/data/richard-m-nixon-public-approval
Richard Nixon,1st term,01/15/1970,01/20/1970,63,23,14,47,62,88,,https://www.presidency.ucsb.edu/statistics/data/richard-m-nixon-public-approval
Richard Nixon,1st term,01/02/1970,01/05/1970,61,22,17,47,63,80,,https://www.presidency.ucsb.edu/statistics/data/richard-m-nixon-public-approval
Richard Nixon,1st term,12/12/1969,12/15/1969,59,23,18,44,60,85,,https://www.presidency.ucsb.edu/statistics/data/richard-m-nixon-public-approval
Richard Nixon,1st term,11/12/1969,11/17/1969,67,19,14,54,65,87,,https://www.presidency.ucsb.edu/statistics/data/richard-m-nixon-public-approval
Richard Nixon,1st term,10/17/1969,10/22/1969,56,29,15,43,54,81,,https://www.presidency.ucsb.edu/statistics/data/richard-m-nixon-public-approval
Richard Nixon,1st term,10/02/1969,10/07/1969,57,24,19,43,60,79,,https://www.presidency.ucsb.edu/statistics/data/richard-m-nixon-public-approval
Richard Nixon,1st term,09/17/1969,09/22/1969,58,23,19,45,56,81,,https://www.presidency.ucsb.edu/statistics/data/richard-m-nixon-public-approval
Richard Nixon,1st term,09/11/1969,09/16/1969,60,24,16,47,57,82,,https://www.presidency.ucsb.edu/statistics/data/richard-m-nixon-public-approval
Richard Nixon,1st term,08/14/1969,08/19/1969,62,20,18,52,63,80,,https://www.presidency.ucsb.edu/statistics/data/richard-m-nixon-public-approval
Richard Nixon,1st term,07/24/1969,07/29/1969,65,17,18,51,66,86,,https://www.presidency.ucsb.edu/statistics/data/richard-m-nixon-public-approval
Richard Nixon,1st term,07/10/1969,07/15/1969,58,22,20,45,57,79,,https://www.presidency.ucsb.edu/statistics/data/richard-m-nixon-public-approval
Richard Nixon,1st term,06/19/1969,06/24/1969,63,16,21,52,61,83,,https://www.presidency.ucsb.edu/statistics/data/richard-m-nixon-public-approval
Richard Nixon,1st term,05/22/1969,05/27/1969,62,15,23,50,61,84,,https://www.presidency.ucsb.edu/statistics/data/richard-m-nixon-public-approval
Richard Nixon,1st term,05/15/1969,05/20/1969,65,12,23,56,64,83,,https://www.presidency.ucsb.edu/statistics/data/richard-m-nixon-public-approval
Richard Nixon,1st term,05/01/1969,05/06/1969,62,15,23,49,60,83,,https://www.presidency.ucsb.edu/statistics/data/richard-m-nixon-public-approval
Richard Nixon,1st term,04/10/1969,04/15/1969,61,12,27,45,61,84,,https://www.presidency.ucsb.edu/statistics/data/richard-m-nixon-public-approval
Richard Nixon,1st term,03/27/1969,04/01/1969,63,10,27,51,60,84,,https://www.presidency.ucsb.edu/statistics/data/richard-m-nixon-public-approval
Richard Nixon,1st term,03/12/1969,03/17/1969,65,9,26,55,65,84,,https://www.presidency.ucsb.edu/statistics/data/richard-m-nixon-public-approval
Richard Nixon,1st term,02/20/1969,02/25/1969,60,6,34,52,56,76,,https://www.presidency.ucsb.edu/statistics/data/richard-m-nixon-public-approval
Richard Nixon,1st term,01/23/1969,01/28/1969,59,5,36,45,59,80,,https://www.presidency.ucsb.edu/statistics/data/richard-m-nixon-public-approval
Lyndon B. Johnson,1st term,01/01/1969,01/06/1969,49,37,,63,42,32,,https://www.presidency.ucsb.edu/statistics/data/lyndon-b-johnson-public-approval
Lyndon B. Johnson,1st term,12/05/1968,12/10/1968,44,43,,60,39,26,,https://www.presidency.ucsb.edu/statistics/data/lyndon-b-johnson-public-approval
Lyndon B. Johnson,1st term,11/09/1968,11/14/1968,43,44,,59,35,29,,https://www.presidency.ucsb.edu/statistics/data/lyndon-b-johnson-public-approval
Lyndon B. Johnson,1st term,09/19/1968,09/24/1968,42,51,,58,35,28,,https://www.presidency.ucsb.edu/statistics/data/lyndon-b-johnson-public-approval
Lyndon B. Johnson,1st term,08/07/1968,08/12/1968,35,52,,48,30,21,,https://www.presidency.ucsb.edu/statistics/data/lyndon-b-johnson-public-approval
Lyndon B. Johnson,1st term,07/18/1968,07/23/1968,40,47,,54,32,26,,https://www.presidency.ucsb.edu/statistics/data/lyndon-b-johnson-public-approval
Lyndon B. Johnson,1st term,06/26/1968,07/01/1968,40,47,,52,33,28,,https://www.presidency.ucsb.edu/statistics/data/lyndon-b-johnson-public-approval
Lyndon B. Johnson,1st term,06/13/1968,06/18/1968,42,45,,56,38,24,,https://www.presidency.ucsb.edu/statistics/data/lyndon-b-johnson-public-approval
Lyndon B. Johnson,1st term,05/23/1968,05/23/1968,41,45,,54,33,25,,https://www.presidency.ucsb.edu/statistics/data/lyndon-b-johnson-public-approval
Lyndon B. Johnson,1st term,05/02/1968,05/07/1968,46,43,,63,39,23,,https://www.presidency.ucsb.edu/statistics/data/lyndon-b-johnson-public-approval
Lyndon B. Johnson,1st term,04/04/1968,04/09/1968,50,38,,65,39,39,,https://www.presidency.ucsb.edu/statistics/data/lyndon-b-johnson-public-approval
Lyndon B. Johnson,1st term,03/10/1968,03/15/1968,36,52,,52,21,25,,https://www.presidency.ucsb.edu/statistics/data/lyndon-b-johnson-public-approval
Lyndon B. Johnson,1st term,02/22/1968,02/27/1968,41,48,,54,37,23,,https://www.presidency.ucsb.edu/statistics/data/lyndon-b-johnson-public-approval
Lyndon B. Johnson,1st term,02/02/1968,02/07/1968,41,47,,56,35,24,,https://www.presidency.ucsb.edu/statistics/data/lyndon-b-johnson-public-approval
Lyndon B. Johnson,1st term,01/04/1968,01/09/1968,48,39,,66,38,28,,https://www.presidency.ucsb.edu/statistics/data/lyndon-b-johnson-public-approval
Lyndon B. Johnson,1st term,12/07/1967,12/12/1967,46,41,,62,40,30,,https://www.presidency.ucsb.edu/statistics/data/lyndon-b-johnson-public-approval
Lyndon B. Johnson,1st term,11/16/1967,11/21/1967,42,46,,57,37,26,,https://www.presidency.ucsb.edu/statistics/data/lyndon-b-johnson-public-approval
Lyndon B. Johnson,1st term,10/27/1967,11/01/1967,41,49,,63,35,19,,https://www.presidency.ucsb.edu/statistics/data/lyndon-b-johnson-public-approval
Lyndon B. Johnson,1st term,10/06/1967,10/11/1967,38,50,,53,30,23,,https://www.presidency.ucsb.edu/statistics/data/lyndon-b-johnson-public-approval
Lyndon B. Johnson,1st term,09/14/1967,09/19/1967,38,48,,55,30,20,,https://www.presidency.ucsb.edu/statistics/data/lyndon-b-johnson-public-approval
Lyndon B. Johnson,1st term,08/24/1967,08/29/1967,39,48,,53,36,22,,https://www.presidency.ucsb.edu/statistics/data/lyndon-b-johnson-public-approval
Lyndon B. Johnson,1st term,08/03/1967,08/08/1967,40,48,,53,35,24,,https://www.presidency.ucsb.edu/statistics/data/lyndon-b-johnson-public-approval
Lyndon B. Johnson,1st term,07/13/1967,07/18/1967,47,39,,63,39,29,,https://www.presidency.ucsb.edu/statistics/data/lyndon-b-johnson-public-approval
Lyndon B. Johnson,1st term,06/22/1967,06/27/1967,51,35,,67,42,34,,https://www.presidency.ucsb.edu/statistics/data/lyndon-b-johnson-public-approval
Lyndon B. Johnson,1st term,06/02/1967,06/07/1967,44,40,,58,40,29,,https://www.presidency.ucsb.edu/statistics/data/lyndon-b-johnson-public-approval
Lyndon B. Johnson,1st term,05/11/1967,05/16/1967,45,39,,60,39,28,,https://www.presidency.ucsb.edu/statistics/data/lyndon-b-johnson-public-approval
Lyndon B. Johnson,1st term,04/19/1967,04/24/1967,48,37,,64,43,31,,https://www.presidency.ucsb.edu/statistics/data/lyndon-b-johnson-public-approval
Lyndon B. Johnson,1st term,03/30/1967,04/04/1967,46,38,,59,48,28,,https://www.presidency.ucsb.edu/statistics/data/lyndon-b-johnson-public-approval
Lyndon B. Johnson,1st term,03/09/1967,03/14/1967,45,41,,60,41,28,,https://www.presidency.ucsb.edu/statistics/data/lyndon-b-johnson-public-approval
Lyndon B. Johnson,1st term,02/16/1967,02/21/1967,45,42,,61,40,25,,https://www.presidency.ucsb.edu/statistics/data/lyndon-b-johnson-public-approval
Lyndon B. Johnson,1st term,01/26/1967,01/31/1967,46,37,,62,39,26,,https://www.presidency.ucsb.edu/statistics/data/lyndon-b-johnson-public-approval
Lyndon B. Johnson,1st term,01/07/1967,01/12/1967,47,37,,62,40,24,,https://www.presidency.ucsb.edu/statistics/data/lyndon-b-johnson-public-approval
Lyndon B. Johnson,1st term,12/08/1966,12/13/1966,44,47,,62,40,21,,https://www.presidency.ucsb.edu/statistics/data/lyndon-b-johnson-public-approval
Lyndon B. Johnson,1st term,11/10/1966,11/15/1966,49,35,,66,40,28,,https://www.presidency.ucsb.edu/statistics/data/lyndon-b-johnson-public-approval
Lyndon B. Johnson,1st term,10/21/1966,10/26/1966,44,41,,61,40,23,,https://www.presidency.ucsb.edu/statistics/data/lyndon-b-johnson-public-approval
Lyndon B. Johnson,1st term,10/01/1966,10/06/1966,44,42,,59,37,24,,https://www.presidency.ucsb.edu/statistics/data/lyndon-b-johnson-public-approval
Lyndon B. Johnson,1st term,09/08/1966,09/13/1966,46,39,,58,42,27,,https://www.presidency.ucsb.edu/statistics/data/lyndon-b-johnson-public-approval
Lyndon B. Johnson,1st term,08/18/1966,08/23/1966,47,39,,65,39,27,,https://www.presidency.ucsb.edu/statistics/data/lyndon-b-johnson-public-approval
Lyndon B. Johnson,1st term,07/29/1966,08/03/1966,51,38,,65,47,30,,https://www.presidency.ucsb.edu/statistics/data/lyndon-b-johnson-public-approval
Lyndon B. Johnson,1st term,07/08/1966,07/13/1966,56,30,,70,45,38,,https://www.presidency.ucsb.edu/statistics/data/lyndon-b-johnson-public-approval
Lyndon B. Johnson,1st term,06/16/1966,06/21/1966,48,39,,66,42,30,,https://www.presidency.ucsb.edu/statistics/data/lyndon-b-johnson-public-approval
Lyndon B. Johnson,1st term,05/19/1966,05/24/1966,50,33,,61,44,34,,https://www.presidency.ucsb.edu/statistics/data/lyndon-b-johnson-public-approval
Lyndon B. Johnson,1st term,05/05/1966,05/10/1966,46,34,,61,37,31,,https://www.presidency.ucsb.edu/statistics/data/lyndon-b-johnson-public-approval
Lyndon B. Johnson,1st term,04/14/1966,04/19/1966,54,33,,70,48,35,,https://www.presidency.ucsb.edu/statistics/data/lyndon-b-johnson-public-approval
Lyndon B. Johnson,1st term,03/24/1966,03/29/1966,57,28,,74,50,36,,https://www.presidency.ucsb.edu/statistics/data/lyndon-b-johnson-public-approval
Lyndon B. Johnson,1st term,03/03/1966,03/08/1966,58,28,,74,47,37,,https://www.presidency.ucsb.edu/statistics/data/lyndon-b-johnson-public-approval
Lyndon B. Johnson,1st term,02/10/1966,02/15/1966,56,34,,70,47,39,,https://www.presidency.ucsb.edu/statistics/data/lyndon-b-johnson-public-approval
Lyndon B. Johnson,1st term,01/21/1966,01/26/1966,61,27,,74,55,44,,https://www.presidency.ucsb.edu/statistics/data/lyndon-b-johnson-public-approval
Lyndon B. Johnson,1st term,12/31/1965,01/05/1966,59,24,,75,46,43,,https://www.presidency.ucsb.edu/statistics/data/lyndon-b-johnson-public-approval
Lyndon B. Johnson,1st term,12/11/1965,12/16/1965,63,26,,72,66,41,,https://www.presidency.ucsb.edu/statistics/data/lyndon-b-johnson-public-approval
Lyndon B. Johnson,1st term,11/18/1965,11/23/1965,62,22,,74,58,46,,https://www.presidency.ucsb.edu/statistics/data/lyndon-b-johnson-public-approval
Lyndon B. Johnson,1st term,10/29/1965,11/02/1965,65,22,,80,58,47,,https://www.presidency.ucsb.edu/statistics/data/lyndon-b-johnson-public-approval
Lyndon B. Johnson,1st term,10/08/1965,10/13/1965,66,21,,74,67,48,,https://www.presidency.ucsb.edu/statistics/data/lyndon-b-johnson-public-approval
Lyndon B. Johnson,1st term,09/16/1965,09/21/1965,63,24,,78,55,45,,https://www.presidency.ucsb.edu/statistics/data/lyndon-b-johnson-public-approval
Lyndon B. Johnson,1st term,08/27/1965,09/01/1965,64,25,,79,55,45,,https://www.presidency.ucsb.edu/statistics/data/lyndon-b-johnson-public-approval
Lyndon B. Johnson,1st term,08/05/1965,08/10/1965,65,22,,80,57,45,,https://www.presidency.ucsb.edu/statistics/data/lyndon-b-johnson-public-approval
Lyndon B. Johnson,1st term,07/16/1965,07/21/1965,65,20,,80,57,46,,https://www.presidency.ucsb.edu/statistics/data/lyndon-b-johnson-public-approval
Lyndon B. Johnson,1st term,06/24/1965,06/29/1965,65,21,,77,57,50,,https://www.presidency.ucsb.edu/statistics/data/lyndon-b-johnson-public-approval
Lyndon B. Johnson,1st term,06/04/1965,06/09/1965,69,19,,80,59,59,,https://www.presidency.ucsb.edu/statistics/data/lyndon-b-johnson-public-approval
Lyndon B. Johnson,1st term,05/13/1965,05/18/1965,70,18,,82,65,53,,https://www.presidency.ucsb.edu/statistics/data/lyndon-b-johnson-public-approval
Lyndon B. Johnson,1st term,04/23/1965,04/28/1965,64,22,,79,55,46,,https://www.presidency.ucsb.edu/statistics/data/lyndon-b-johnson-public-approval
Lyndon B. Johnson,1st term,04/02/1965,04/07/1965,67,22,,77,62,50,,https://www.presidency.ucsb.edu/statistics/data/lyndon-b-johnson-public-approval
Lyndon B. Johnson,1st term,03/18/1965,03/23/1965,69,21,,78,64,57,,https://www.presidency.ucsb.edu/statistics/data/lyndon-b-johnson-public-approval
Lyndon B. Johnson,1st term,03/11/1965,03/16/1965,68,18,,81,62,53,,https://www.presidency.ucsb.edu/statistics/data/lyndon-b-johnson-public-approval
Lyndon B. Johnson,1st term,02/19/1965,02/24/1965,68,18,,83,60,48,,https://www.presidency.ucsb.edu/statistics/data/lyndon-b-johnson-public-approval
Lyndon B. Johnson,1st term,01/28/1965,02/02/1965,70,15,,85,59,50,,https://www.presidency.ucsb.edu/statistics/data/lyndon-b-johnson-public-approval
Lyndon B. Johnson,1st term,01/07/1965,01/12/1965,71,15,,85,62,51,,https://www.presidency.ucsb.edu/statistics/data/lyndon-b-johnson-public-approval
Lyndon B. Johnson,1st term,12/11/1964,12/16/1964,69,18,,85,63,47,,https://www.presidency.ucsb.edu/statistics/data/lyndon-b-johnson-public-approval
Lyndon B. Johnson,1st term,11/20/1964,11/25/1964,70,19,,86,63,61,,https://www.presidency.ucsb.edu/statistics/data/lyndon-b-johnson-public-approval
Lyndon B. Johnson,1st term,06/25/1964,06/30/1964,74,15,,87,68,53,,https://www.presidency.ucsb.edu/statistics/data/lyndon-b-johnson-public-approval
Lyndon B. Johnson,1st term,06/11/1964,06/16/1964,74,14,,84,67,60,,https://www.presidency.ucsb.edu/statistics/data/lyndon-b-johnson-public-approval
Lyndon B. Johnson,1st term,06/04/1964,06/09/1964,74,12,,82,68,62,,https://www.presidency.ucsb.edu/statistics/data/lyndon-b-johnson-public-approval
Lyndon B. Johnson,1st term,05/22/1964,05/27/1964,74,13,,84,70,61,,https://www.presidency.ucsb.edu/statistics/data/lyndon-b-johnson-public-approval
Lyndon B. Johnson,1st term,05/06/1964,05/11/1964,75,10,,82,69,67,,https://www.presidency.ucsb.edu/statistics/data/lyndon-b-johnson-public-approval
Lyndon B. Johnson,1st term,04/24/1964,04/29/1964,75,11,,82,69,67,,https://www.presidency.ucsb.edu/statistics/data/lyndon-b-johnson-public-approval
Lyndon B. Johnson,1st term,03/27/1964,04/01/1964,75,12,,83,76,60,,https://www.presidency.ucsb.edu/statistics/data/lyndon-b-johnson-public-approval
Lyndon B. Johnson,1st term,03/13/1964,03/18/1964,77,9,,87,70,67,,https://www.presidency.ucsb.edu/statistics/data/lyndon-b-johnson-public-approval
Lyndon B. Johnson,1st term,02/28/1964,03/04/1964,79,9,,86,74,70,,https://www.presidency.ucsb.edu/statistics/data/lyndon-b-johnson-public-approval
Lyndon B. Johnson,1st term,02/13/1964,02/18/1964,73,9,,84,67,63,,https://www.presidency.ucsb.edu/statistics/data/lyndon-b-johnson-public-approval
Lyndon B. Johnson,1st term,01/30/1964,02/05/1964,76,8,,82,75,66,,https://www.presidency.ucsb.edu/statistics/data/lyndon-b-johnson-public-approval
Lyndon B. Johnson,1st term,01/02/1964,01/07/1964,77,5,,82,70,73,,https://www.presidency.ucsb.edu/statistics/data/lyndon-b-johnson-public-approval
Lyndon B. Johnson,1st term,12/12/1963,12/17/1963,74,4,,77,71,67,,https://www.presidency.ucsb.edu/statistics/data/lyndon-b-johnson-public-approval
Lyndon B. Johnson,1st term,12/5/1963,12/10/1963,78,2,,82,71,78,,https://www.presidency.ucsb.edu/statistics/data/lyndon-b-johnson-public-approval
John F. Kennedy,1st term,11/08/1963,11/13/1963,58,30,12,80,52,31,,https://www.presidency.ucsb.edu/statistics/data/john-f-kennedy-public-approval
John F. Kennedy,1st term,10/11/1963,10/16/1963,58,29,13,77,58,30,,https://www.presidency.ucsb.edu/statistics/data/john-f-kennedy-public-approval
John F. Kennedy,1st term,09/12/1963,09/17/1963,56,29,15,71,53,37,,https://www.presidency.ucsb.edu/statistics/data/john-f-kennedy-public-approval
John F. Kennedy,1st term,08/15/1963,08/20/1963,62,26,12,76,54,45,,https://www.presidency.ucsb.edu/statistics/data/john-f-kennedy-public-approval
John F. Kennedy,1st term,07/18/1963,07/23/1963,61,27,12,77,56,34,,https://www.presidency.ucsb.edu/statistics/data/john-f-kennedy-public-approval
John F. Kennedy,1st term,06/21/1963,06/26/1963,61,26,13,74,56,41,,https://www.presidency.ucsb.edu/statistics/data/john-f-kennedy-public-approval
John F. Kennedy,1st term,05/23/1963,05/28/1963,64,24,12,79,56,45,,https://www.presidency.ucsb.edu/statistics/data/john-f-kennedy-public-approval
John F. Kennedy,1st term,05/08/1963,05/13/1963,65,23,12,81,65,39,,https://www.presidency.ucsb.edu/statistics/data/john-f-kennedy-public-approval
John F. Kennedy,1st term,05/02/1963,05/07/1963,64,25,11,80,62,36,,https://www.presidency.ucsb.edu/statistics/data/john-f-kennedy-public-approval
John F. Kennedy,1st term,04/04/1963,04/09/1963,66,21,13,84,57,41,,https://www.presidency.ucsb.edu/statistics/data/john-f-kennedy-public-approval
John F. Kennedy,1st term,03/08/1963,03/12/1963,67,20,13,82,64,43,,https://www.presidency.ucsb.edu/statistics/data/john-f-kennedy-public-approval
John F. Kennedy,1st term,02/07/1963,02/12/1963,70,18,12,85,67,47,,https://www.presidency.ucsb.edu/statistics/data/john-f-kennedy-public-approval
John F. Kennedy,1st term,1/11/1963,1/16/1963,74,14,12,86,72,53,,https://www.presidency.ucsb.edu/statistics/data/john-f-kennedy-public-approval
John F. Kennedy,1st term,12/13/1962,12/18/1962,76,13,11,92,71,55,,https://www.presidency.ucsb.edu/statistics/data/john-f-kennedy-public-approval
John F. Kennedy,1st term,11/16/1962,11/21/1962,74,14,12,91,70,48,,https://www.presidency.ucsb.edu/statistics/data/john-f-kennedy-public-approval
John F. Kennedy,1st term,10/19/1962,10/24/1962,61,25,14,78,61,35,,https://www.presidency.ucsb.edu/statistics/data/john-f-kennedy-public-approval
John F. Kennedy,1st term,09/20/1962,09/25/1962,63,22,15,79,62,37,,https://www.presidency.ucsb.edu/statistics/data/john-f-kennedy-public-approval
John F. Kennedy,1st term,08/23/1962,08/28/1962,67,20,13,84,60,42,,https://www.presidency.ucsb.edu/statistics/data/john-f-kennedy-public-approval
John F. Kennedy,1st term,07/26/1962,07/31/1962,66,23,11,82,66,39,,https://www.presidency.ucsb.edu/statistics/data/john-f-kennedy-public-approval
John F. Kennedy,1st term,06/28/1962,07/03/1962,69,19,12,84,64,44,,https://www.presidency.ucsb.edu/statistics/data/john-f-kennedy-public-approval
John F. Kennedy,1st term,05/31/1962,06/05/1962,71,19,10,85,73,44,,https://www.presidency.ucsb.edu/statistics/data/john-f-kennedy-public-approval
John F. Kennedy,1st term,05/03/1962,05/08/1962,74,16,10,86,73,53,,https://www.presidency.ucsb.edu/statistics/data/john-f-kennedy-public-approval
John F. Kennedy,1st term,04/06/1962,04/11/1962,77,13,10,90,73,57,,https://www.presidency.ucsb.edu/statistics/data/john-f-kennedy-public-approval
John F. Kennedy,1st term,03/08/1962,03/13/1962,79,12,9,89,78,67,,https://www.presidency.ucsb.edu/statistics/data/john-f-kennedy-public-approval
John F. Kennedy,1st term,02/08/1962,02/13/1962,78,11,11,89,72,62,,https://www.presidency.ucsb.edu/statistics/data/john-f-kennedy-public-approval
John F. Kennedy,1st term,01/11/1962,01/16/1962,79,10,11,91,74,59,,https://www.presidency.ucsb.edu/statistics/data/john-f-kennedy-public-approval
John F. Kennedy,1st term,12/7/1961,12/12/1961,77,11,12,84,80,55,,https://www.presidency.ucsb.edu/statistics/data/john-f-kennedy-public-approval
John F. Kennedy,1st term,11/17/1961,11/22/1961,79,9,12,89,73,64,,https://www.presidency.ucsb.edu/statistics/data/john-f-kennedy-public-approval
John F. Kennedy,1st term,10/19/1961,10/24/1961,77,12,11,90,75,57,,https://www.presidency.ucsb.edu/statistics/data/john-f-kennedy-public-approval
John F. Kennedy,1st term,09/21/1961,09/26/1961,79,10,11,87,78,61,,https://www.presidency.ucsb.edu/statistics/data/john-f-kennedy-public-approval
John F. Kennedy,1st term,08/24/1961,08/29/1961,76,12,12,88,70,59,,https://www.presidency.ucsb.edu/statistics/data/john-f-kennedy-public-approval
John F. Kennedy,1st term,07/27/1961,08/02/1961,75,12,13,86,70,60,,https://www.presidency.ucsb.edu/statistics/data/john-f-kennedy-public-approval
John F. Kennedy,1st term,06/23/1961,06/28/1961,72,14,14,84,64,56,,https://www.presidency.ucsb.edu/statistics/data/john-f-kennedy-public-approval
John F. Kennedy,1st term,05/28/1961,06/02/1961,74,11,15,87,68,55,,https://www.presidency.ucsb.edu/statistics/data/john-f-kennedy-public-approval
John F. Kennedy,1st term,05/17/1961,05/22/1961,75,10,15,86,68,57,,https://www.presidency.ucsb.edu/statistics/data/john-f-kennedy-public-approval
John F. Kennedy,1st term,05/04/1961,05/09/1961,77,9,14,89,75,60,,https://www.presidency.ucsb.edu/statistics/data/john-f-kennedy-public-approval
John F. Kennedy,1st term,04/28/1961,05/03/1961,83,5,12,89,75,62,,https://www.presidency.ucsb.edu/statistics/data/john-f-kennedy-public-approval
John F. Kennedy,1st term,04/06/1961,04/11/1961,78,6,16,89,75,63,,https://www.presidency.ucsb.edu/statistics/data/john-f-kennedy-public-approval
John F. Kennedy,1st term,03/10/1961,03/15/1961,73,7,20,85,69,60,,https://www.presidency.ucsb.edu/statistics/data/john-f-kennedy-public-approval
John F. Kennedy,1st term,2/10/1961,2/15/1961,72,6,22,85,67,52,,https://www.presidency.ucsb.edu/statistics/data/john-f-kennedy-public-approval
Dwight D. Eisenhower,1st term,12/08/1960,12/13/1960,59,28,13,43,56,88,,https://www.presidency.ucsb.edu/statistics/data/dwight-d-eisenhower-public-approval
Dwight D. Eisenhower,1st term,11/17/1960,11/22/1960,59,26,15,40,55,90,,https://www.presidency.ucsb.edu/statistics/data/dwight-d-eisenhower-public-approval
Dwight D. Eisenhower,1st term,10/18/1960,10/23/1960,58,31,11,36,62,90,,https://www.presidency.ucsb.edu/statistics/data/dwight-d-eisenhower-public-approval
Dwight D. Eisenhower,1st term,09/28/1960,10/02/1960,65,26,9,46,74,88,,https://www.presidency.ucsb.edu/statistics/data/dwight-d-eisenhower-public-approval
Dwight D. Eisenhower,1st term,09/09/1960,09/14/1960,58,28,14,40,61,85,,https://www.presidency.ucsb.edu/statistics/data/dwight-d-eisenhower-public-approval
Dwight D. Eisenhower,1st term,08/25/1960,08/30/1960,61,28,11,43,64,87,,https://www.presidency.ucsb.edu/statistics/data/dwight-d-eisenhower-public-approval
Dwight D. Eisenhower,1st term,08/11/1960,08/16/1960,63,24,13,45,64,87,,https://www.presidency.ucsb.edu/statistics/data/dwight-d-eisenhower-public-approval
Dwight D. Eisenhower,1st term,07/30/1960,08/04/1960,63,26,11,40,68,88,,https://www.presidency.ucsb.edu/statistics/data/dwight-d-eisenhower-public-approval
Dwight D. Eisenhower,1st term,07/16/1960,07/21/1960,49,33,18,34,51,79,,https://www.presidency.ucsb.edu/statistics/data/dwight-d-eisenhower-public-approval
Dwight D. Eisenhower,1st term,06/30/1960,07/05/1960,57,27,16,43,61,82,,https://www.presidency.ucsb.edu/statistics/data/dwight-d-eisenhower-public-approval
Dwight D. Eisenhower,1st term,06/16/1960,06/21/1960,61,24,15,46,67,86,,https://www.presidency.ucsb.edu/statistics/data/dwight-d-eisenhower-public-approval
Dwight D. Eisenhower,1st term,05/26/1960,05/31/1960,65,22,13,48,71,91,,https://www.presidency.ucsb.edu/statistics/data/dwight-d-eisenhower-public-approval
Dwight D. Eisenhower,1st term,04/28/1960,05/03/1960,62,22,16,44,69,87,,https://www.presidency.ucsb.edu/statistics/data/dwight-d-eisenhower-public-approval
Dwight D. Eisenhower,1st term,03/30/1960,04/04/1960,65,22,13,50,66,89,,https://www.presidency.ucsb.edu/statistics/data/dwight-d-eisenhower-public-approval
Dwight D. Eisenhower,1st term,03/02/1960,03/07/1960,64,22,14,47,68,88,,https://www.presidency.ucsb.edu/statistics/data/dwight-d-eisenhower-public-approval
Dwight D. Eisenhower,1st term,02/04/1960,02/09/1960,64,22,14,42,71,91,,https://www.presidency.ucsb.edu/statistics/data/dwight-d-eisenhower-public-approval
Dwight D. Eisenhower,1st term,01/06/1960,01/11/1960,66,19,15,54,67,91,,https://www.presidency.ucsb.edu/statistics/data/dwight-d-eisenhower-public-approval
Dwight D. Eisenhower,1st term,12/10/1959,12/15/1959,77,15,8,66,78,94,,https://www.presidency.ucsb.edu/statistics/data/dwight-d-eisenhower-public-approval
Dwight D. Eisenhower,1st term,12/03/1959,12/08/1959,67,18,15,53,67,89,,https://www.presidency.ucsb.edu/statistics/data/dwight-d-eisenhower-public-approval
Dwight D. Eisenhower,1st term,11/12/1959,11/17/1959,65,21,14,49,66,89,,https://www.presidency.ucsb.edu/statistics/data/dwight-d-eisenhower-public-approval
Dwight D. Eisenhower,1st term,10/16/1959,10/21/1959,67,19,14,52,74,88,,https://www.presidency.ucsb.edu/statistics/data/dwight-d-eisenhower-public-approval
Dwight D. Eisenhower,1st term,09/18/1959,09/23/1959,66,20,14,51,67,88,,https://www.presidency.ucsb.edu/statistics/data/dwight-d-eisenhower-public-approval
Dwight D. Eisenhower,1st term,08/20/1959,08/25/1959,67,20,13,51,71,87,,https://www.presidency.ucsb.edu/statistics/data/dwight-d-eisenhower-public-approval
Dwight D. Eisenhower,1st term,07/23/1959,07/28/1959,61,26,13,44,67,88,,https://www.presidency.ucsb.edu/statistics/data/dwight-d-eisenhower-public-approval
Dwight D. Eisenhower,1st term,06/25/1959,06/30/1959,62,23,15,44,64,90,,https://www.presidency.ucsb.edu/statistics/data/dwight-d-eisenhower-public-approval
Dwight D. Eisenhower,1st term,05/29/1959,06/03/1959,64,21,15,51,63,87,,https://www.presidency.ucsb.edu/statistics/data/dwight-d-eisenhower-public-approval
Dwight D. Eisenhower,1st term,04/29/1959,05/04/1959,60,24,16,45,61,87,,https://www.presidency.ucsb.edu/statistics/data/dwight-d-eisenhower-public-approval
Dwight D. Eisenhower,1st term,04/02/1959,04/07/1959,62,23,15,46,66,87,,https://www.presidency.ucsb.edu/statistics/data/dwight-d-eisenhower-public-approval
Dwight D. Eisenhower,1st term,03/04/1959,03/09/1959,58,26,16,44,62,85,,https://www.presidency.ucsb.edu/statistics/data/dwight-d-eisenhower-public-approval
Dwight D. Eisenhower,1st term,02/04/1959,02/09/1959,59,26,15,39,61,86,,https://www.presidency.ucsb.edu/statistics/data/dwight-d-eisenhower-public-approval
Dwight D. Eisenhower,1st term,01/07/1959,01/12/1959,57,27,16,42,57,85,,https://www.presidency.ucsb.edu/statistics/data/dwight-d-eisenhower-public-approval
Dwight D. Eisenhower,1st term,12/03/1958,12/08/1958,57,32,11,37,61,85,,https://www.presidency.ucsb.edu/statistics/data/dwight-d-eisenhower-public-approval
Dwight D. Eisenhower,1st term,11/07/1958,11/12/1958,52,30,18,35,52,80,,https://www.presidency.ucsb.edu/statistics/data/dwight-d-eisenhower-public-approval
Dwight D. Eisenhower,1st term,10/15/1958,10/20/1958,57,27,16,37,54,86,,https://www.presidency.ucsb.edu/statistics/data/dwight-d-eisenhower-public-approval
Dwight D. Eisenhower,1st term,09/24/1958,09/29/1958,54,28,18,38,54,81,,https://www.presidency.ucsb.edu/statistics/data/dwight-d-eisenhower-public-approval
Dwight D. Eisenhower,1st term,09/10/1958,09/15/1958,57,29,14,40,60,81,,https://www.presidency.ucsb.edu/statistics/data/dwight-d-eisenhower-public-approval
Dwight D. Eisenhower,1st term,08/20/1958,08/25/1958,56,27,17,39,59,82,,https://www.presidency.ucsb.edu/statistics/data/dwight-d-eisenhower-public-approval
Dwight D. Eisenhower,1st term,07/30/1958,08/04/1958,58,27,15,41,58,83,,https://www.presidency.ucsb.edu/statistics/data/dwight-d-eisenhower-public-approval
Dwight D. Eisenhower,1st term,07/10/1958,07/15/1958,52,32,16,35,55,81,,https://www.presidency.ucsb.edu/statistics/data/dwight-d-eisenhower-public-approval
Dwight D. Eisenhower,1st term,05/28/1958,06/02/1958,54,31,15,35,53,79,,https://www.presidency.ucsb.edu/statistics/data/dwight-d-eisenhower-public-approval
Dwight D. Eisenhower,1st term,05/07/1958,05/12/1958,53,32,15,32,55,80,,https://www.presidency.ucsb.edu/statistics/data/dwight-d-eisenhower-public-approval
Dwight D. Eisenhower,1st term,04/16/1958,04/21/1958,54,31,15,36,57,83,,https://www.presidency.ucsb.edu/statistics/data/dwight-d-eisenhower-public-approval
Dwight D. Eisenhower,1st term,03/27/1958,04/01/1958,48,36,16,28,51,81,,https://www.presidency.ucsb.edu/statistics/data/dwight-d-eisenhower-public-approval
Dwight D. Eisenhower,1st term,03/06/1958,03/11/1958,51,33,16,31,58,79,,https://www.presidency.ucsb.edu/statistics/data/dwight-d-eisenhower-public-approval
Dwight D. Eisenhower,1st term,02/14/1958,02/19/1958,54,33,13,39,55,84,,https://www.presidency.ucsb.edu/statistics/data/dwight-d-eisenhower-public-approval
Dwight D. Eisenhower,1st term,01/24/1958,01/29/1958,58,27,15,39,55,84,,https://www.presidency.ucsb.edu/statistics/data/dwight-d-eisenhower-public-approval
Dwight D. Eisenhower,1st term,01/02/1958,01/07/1958,60,30,10,45,60,85,,https://www.presidency.ucsb.edu/statistics/data/dwight-d-eisenhower-public-approval
Dwight D. Eisenhower,1st term,11/07/1957,11/12/1957,58,27,15,41,61,85,,https://www.presidency.ucsb.edu/statistics/data/dwight-d-eisenhower-public-approval
Dwight D. Eisenhower,1st term,10/10/1957,10/15/1957,57,27,16,38,56,82,,https://www.presidency.ucsb.edu/statistics/data/dwight-d-eisenhower-public-approval
Dwight D. Eisenhower,1st term,09/19/1957,09/24/1957,59,26,15,42,63,81,,https://www.presidency.ucsb.edu/statistics/data/dwight-d-eisenhower-public-approval
Dwight D. Eisenhower,1st term,08/29/1957,09/04/1957,59,23,18,44,54,84,,https://www.presidency.ucsb.edu/statistics/data/dwight-d-eisenhower-public-approval
Dwight D. Eisenhower,1st term,08/08/1957,08/13/1957,63,20,17,46,65,85,,https://www.presidency.ucsb.edu/statistics/data/dwight-d-eisenhower-public-approval
Dwight D. Eisenhower,1st term,07/18/1957,07/23/1957,65,22,13,45,70,86,,https://www.presidency.ucsb.edu/statistics/data/dwight-d-eisenhower-public-approval
Dwight D. Eisenhower,1st term,06/27/1957,07/02/1957,63,23,14,45,64,85,,https://www.presidency.ucsb.edu/statistics/data/dwight-d-eisenhower-public-approval
Dwight D. Eisenhower,1st term,06/06/1957,06/11/1957,64,22,14,48,65,85,,https://www.presidency.ucsb.edu/statistics/data/dwight-d-eisenhower-public-approval
Dwight D. Eisenhower,1st term,05/17/1957,05/22/1957,62,23,15,43,66,86,,https://www.presidency.ucsb.edu/statistics/data/dwight-d-eisenhower-public-approval
Dwight D. Eisenhower,1st term,04/25/1957,04/30/1957,64,23,13,49,62,86,,https://www.presidency.ucsb.edu/statistics/data/dwight-d-eisenhower-public-approval
Dwight D. Eisenhower,1st term,04/06/1957,04/11/1957,67,21,12,51,68,85,,https://www.presidency.ucsb.edu/statistics/data/dwight-d-eisenhower-public-approval
Dwight D. Eisenhower,1st term,03/15/1957,03/20/1957,65,20,15,48,69,87,,https://www.presidency.ucsb.edu/statistics/data/dwight-d-eisenhower-public-approval
Dwight D. Eisenhower,1st term,02/28/1957,03/05/1957,72,17,11,56,73,90,,https://www.presidency.ucsb.edu/statistics/data/dwight-d-eisenhower-public-approval
Dwight D. Eisenhower,1st term,02/07/1957,02/12/1957,72,16,12,57,77,92,,https://www.presidency.ucsb.edu/statistics/data/dwight-d-eisenhower-public-approval
Dwight D. Eisenhower,1st term,01/17/1957,01/22/1957,73,14,13,57,82,91,,https://www.presidency.ucsb.edu/statistics/data/dwight-d-eisenhower-public-approval
Dwight D. Eisenhower,1st term,12/14/1956,12/19/1956,79,11,10,67,78,95,,https://www.presidency.ucsb.edu/statistics/data/dwight-d-eisenhower-public-approval
Dwight D. Eisenhower,1st term,11/22/1956,11/27/1956,75,15,10,57,81,94,,https://www.presidency.ucsb.edu/statistics/data/dwight-d-eisenhower-public-approval
Dwight D. Eisenhower,1st term,08/03/1956,08/08/1956,68,19,13,49,70,91,,https://www.presidency.ucsb.edu/statistics/data/dwight-d-eisenhower-public-approval
Dwight D. Eisenhower,1st term,07/12/1956,07/17/1956,70,20,10,49,75,92,,https://www.presidency.ucsb.edu/statistics/data/dwight-d-eisenhower-public-approval
Dwight D. Eisenhower,1st term,06/15/1956,06/20/1956,73,18,9,55,76,95,,https://www.presidency.ucsb.edu/statistics/data/dwight-d-eisenhower-public-approval
Dwight D. Eisenhower,1st term,05/31/1956,06/05/1956,71,19,10,55,73,92,,https://www.presidency.ucsb.edu/statistics/data/dwight-d-eisenhower-public-approval
Dwight D. Eisenhower,1st term,05/10/1956,05/15/1956,69,17,14,52,68,92,,https://www.presidency.ucsb.edu/statistics/data/dwight-d-eisenhower-public-approval
Dwight D. Eisenhower,1st term,04/19/1956,04/24/1956,69,19,12,51,76,90,,https://www.presidency.ucsb.edu/statistics/data/dwight-d-eisenhower-public-approval
Dwight D. Eisenhower,1st term,03/29/1956,04/03/1956,73,17,10,56,74,95,,https://www.presidency.ucsb.edu/statistics/data/dwight-d-eisenhower-public-approval
Dwight D. Eisenhower,1st term,03/08/1956,03/13/1956,72,18,10,52,77,95,,https://www.presidency.ucsb.edu/statistics/data/dwight-d-eisenhower-public-approval
Dwight D. Eisenhower,1st term,02/16/1956,02/21/1956,75,15,10,58,80,93,,https://www.presidency.ucsb.edu/statistics/data/dwight-d-eisenhower-public-approval
Dwight D. Eisenhower,1st term,01/26/1956,01/31/1956,77,14,9,61,80,93,,https://www.presidency.ucsb.edu/statistics/data/dwight-d-eisenhower-public-approval
Dwight D. Eisenhower,1st term,01/06/1956,01/11/1956,76,12,12,63,81,92,,https://www.presidency.ucsb.edu/statistics/data/dwight-d-eisenhower-public-approval
Dwight D. Eisenhower,1st term,12/08/1955,12/13/1955,75,13,12,61,78,91,,https://www.presidency.ucsb.edu/statistics/data/dwight-d-eisenhower-public-approval
Dwight D. Eisenhower,1st term,11/17/1955,11/22/1955,78,13,9,67,81,93,,https://www.presidency.ucsb.edu/statistics/data/dwight-d-eisenhower-public-approval
Dwight D. Eisenhower,1st term,09/15/1955,09/20/1955,71,16,13,52,77,92,,https://www.presidency.ucsb.edu/statistics/data/dwight-d-eisenhower-public-approval
Dwight D. Eisenhower,1st term,08/25/1955,08/30/1955,71,16,13,54,75,92,,https://www.presidency.ucsb.edu/statistics/data/dwight-d-eisenhower-public-approval
Dwight D. Eisenhower,1st term,08/04/1955,08/09/1955,76,11,13,64,75,93,,https://www.presidency.ucsb.edu/statistics/data/dwight-d-eisenhower-public-approval
Dwight D. Eisenhower,1st term,07/14/1955,07/19/1955,72,18,10,57,76,93,,https://www.presidency.ucsb.edu/statistics/data/dwight-d-eisenhower-public-approval
Dwight D. Eisenhower,1st term,06/24/1955,06/29/1955,67,15,18,52,68,87,,https://www.presidency.ucsb.edu/statistics/data/dwight-d-eisenhower-public-approval
Dwight D. Eisenhower,1st term,06/03/1955,06/08/1955,70,16,14,54,76,92,,https://www.presidency.ucsb.edu/statistics/data/dwight-d-eisenhower-public-approval
Dwight D. Eisenhower,1st term,05/12/1955,05/17/1955,68,16,16,52,69,90,,https://www.presidency.ucsb.edu/statistics/data/dwight-d-eisenhower-public-approval
Dwight D. Eisenhower,1st term,04/14/1955,04/19/1955,70,14,16,58,68,89,,https://www.presidency.ucsb.edu/statistics/data/dwight-d-eisenhower-public-approval
Dwight D. Eisenhower,1st term,03/24/1955,03/29/1955,66,21,13,50,69,87,,https://www.presidency.ucsb.edu/statistics/data/dwight-d-eisenhower-public-approval
Dwight D. Eisenhower,1st term,03/03/1955,03/08/1955,71,17,12,54,74,89,,https://www.presidency.ucsb.edu/statistics/data/dwight-d-eisenhower-public-approval
Dwight D. Eisenhower,1st term,02/10/1955,02/15/1955,73,15,12,61,79,90,,https://www.presidency.ucsb.edu/statistics/data/dwight-d-eisenhower-public-approval
Dwight D. Eisenhower,1st term,01/20/1955,01/25/1955,70,17,13,53,71,92,,https://www.presidency.ucsb.edu/statistics/data/dwight-d-eisenhower-public-approval
Dwight D. Eisenhower,1st term,12/31/1954,01/05/1955,70,18,12,58,74,86,,https://www.presidency.ucsb.edu/statistics/data/dwight-d-eisenhower-public-approval
Dwight D. Eisenhower,1st term,12/02/1954,12/07/1954,69,23,8,54,68,89,,https://www.presidency.ucsb.edu/statistics/data/dwight-d-eisenhower-public-approval
Dwight D. Eisenhower,1st term,11/11/1954,11/16/1954,57,23,20,41,58,85,,https://www.presidency.ucsb.edu/statistics/data/dwight-d-eisenhower-public-approval
Dwight D. Eisenhower,1st term,10/15/1954,10/20/1954,61,26,13,45,71,88,,https://www.presidency.ucsb.edu/statistics/data/dwight-d-eisenhower-public-approval
Dwight D. Eisenhower,1st term,09/16/1954,09/21/1954,66,21,13,48,71,89,,https://www.presidency.ucsb.edu/statistics/data/dwight-d-eisenhower-public-approval
Dwight D. Eisenhower,1st term,08/26/1954,08/31/1954,63,24,13,46,67,87,,https://www.presidency.ucsb.edu/statistics/data/dwight-d-eisenhower-public-approval
Dwight D. Eisenhower,1st term,08/05/1954,08/10/1954,67,19,14,51,69,91,,https://www.presidency.ucsb.edu/statistics/data/dwight-d-eisenhower-public-approval
Dwight D. Eisenhower,1st term,07/16/1954,07/21/1954,75,20,5,61,79,92,,https://www.presidency.ucsb.edu/statistics/data/dwight-d-eisenhower-public-approval
Dwight D. Eisenhower,1st term,07/02/1954,07/07/1954,65,21,14,51,66,84,,https://www.presidency.ucsb.edu/statistics/data/dwight-d-eisenhower-public-approval
Dwight D. Eisenhower,1st term,06/12/1954,06/17/1954,62,24,14,46,67,82,,https://www.presidency.ucsb.edu/statistics/data/dwight-d-eisenhower-public-approval
Dwight D. Eisenhower,1st term,05/21/1954,05/26/1954,61,24,15,45,61,83,,https://www.presidency.ucsb.edu/statistics/data/dwight-d-eisenhower-public-approval
Dwight D. Eisenhower,1st term,05/02/1954,05/07/1954,60,22,18,42,62,86,,https://www.presidency.ucsb.edu/statistics/data/dwight-d-eisenhower-public-approval
Dwight D. Eisenhower,1st term,04/08/1954,04/13/1954,68,21,11,50,73,91,,https://www.presidency.ucsb.edu/statistics/data/dwight-d-eisenhower-public-approval
Dwight D. Eisenhower,1st term,03/19/1954,03/24/1954,66,22,12,52,69,88,,https://www.presidency.ucsb.edu/statistics/data/dwight-d-eisenhower-public-approval
Dwight D. Eisenhower,1st term,02/25/1954,03/02/1954,67,21,12,52,69,88,,https://www.presidency.ucsb.edu/statistics/data/dwight-d-eisenhower-public-approval
Dwight D. Eisenhower,1st term,01/28/1954,02/02/1954,70,17,13,54,75,90,,https://www.presidency.ucsb.edu/statistics/data/dwight-d-eisenhower-public-approval
Dwight D. Eisenhower,1st term,01/09/1954,01/14/1954,71,19,10,55,74,92,,https://www.presidency.ucsb.edu/statistics/data/dwight-d-eisenhower-public-approval
Dwight D. Eisenhower,1st term,12/11/1953,12/16/1953,69,22,9,54,66,91,,https://www.presidency.ucsb.edu/statistics/data/dwight-d-eisenhower-public-approval
Dwight D. Eisenhower,1st term,11/19/1953,11/24/1953,59,25,16,42,62,84,,https://www.presidency.ucsb.edu/statistics/data/dwight-d-eisenhower-public-approval
Dwight D. Eisenhower,1st term,11/01/1953,11/05/1953,61,26,13,44,65,84,,https://www.presidency.ucsb.edu/statistics/data/dwight-d-eisenhower-public-approval
Dwight D. Eisenhower,1st term,10/09/1953,10/14/1953,65,19,16,49,64,89,,https://www.presidency.ucsb.edu/statistics/data/dwight-d-eisenhower-public-approval
Dwight D. Eisenhower,1st term,09/12/1953,09/17/1953,61,20,19,48,60,84,,https://www.presidency.ucsb.edu/statistics/data/dwight-d-eisenhower-public-approval
Dwight D. Eisenhower,1st term,08/15/1953,08/20/1953,74,14,12,60,75,90,,https://www.presidency.ucsb.edu/statistics/data/dwight-d-eisenhower-public-approval
Dwight D. Eisenhower,1st term,07/25/1953,07/30/1953,73,13,14,63,70,91,,https://www.presidency.ucsb.edu/statistics/data/dwight-d-eisenhower-public-approval
Dwight D. Eisenhower,1st term,07/04/1953,07/09/1953,69,15,16,56,68,87,,https://www.presidency.ucsb.edu/statistics/data/dwight-d-eisenhower-public-approval
Dwight D. Eisenhower,1st term,05/09/1953,05/14/1953,74,10,16,64,76,89,,https://www.presidency.ucsb.edu/statistics/data/dwight-d-eisenhower-public-approval
Dwight D. Eisenhower,1st term,04/19/1953,04/24/1953,73,10,17,64,72,87,,https://www.presidency.ucsb.edu/statistics/data/dwight-d-eisenhower-public-approval
Dwight D. Eisenhower,1st term,03/28/1953,04/02/1953,74,8,18,64,74,87,,https://www.presidency.ucsb.edu/statistics/data/dwight-d-eisenhower-public-approval
Dwight D. Eisenhower,1st term,02/22/1953,02/27/1953,67,8,25,57,68,85,,https://www.presidency.ucsb.edu/statistics/data/dwight-d-eisenhower-public-approval
Dwight D. Eisenhower,1st term,02/01/1953,02/05/1953,68,7,25,60,65,84,,https://www.presidency.ucsb.edu/statistics/data/dwight-d-eisenhower-public-approval
Harry S Truman,1st term,12/11/1952,12/16/1952,32,56,12,50,23,9,,https://www.presidency.ucsb.edu/statistics/data/harry-s-truman-public-approval
Harry S Truman,1st term,10/09/1952,10/14/1952,32,55,13,50,23,8,,https://www.presidency.ucsb.edu/statistics/data/harry-s-truman-public-approval
Harry S Truman,1st term,10/05/1952,10/10/1952,31,57,12,44,24,9,,https://www.presidency.ucsb.edu/statistics/data/harry-s-truman-public-approval
Harry S Truman,1st term,10/03/1952,10/08/1952,33,55,12,50,23,10,,https://www.presidency.ucsb.edu/statistics/data/harry-s-truman-public-approval
Harry S Truman,1st term,07/13/1952,07/18/1952,29,59,12,51,25,8,,https://www.presidency.ucsb.edu/statistics/data/harry-s-truman-public-approval
Harry S Truman,1st term,06/15/1952,06/20/1952,32,58,10,48,31,9,,https://www.presidency.ucsb.edu/statistics/data/harry-s-truman-public-approval
Harry S Truman,1st term,05/30/1952,06/04/1952,31,59,10,52,26,10,,https://www.presidency.ucsb.edu/statistics/data/harry-s-truman-public-approval
Harry S Truman,1st term,05/11/1952,05/16/1952,27,60,13,46,27,7,,https://www.presidency.ucsb.edu/statistics/data/harry-s-truman-public-approval
Harry S Truman,1st term,04/13/1952,04/18/1952,28,59,13,47,23,10,,https://www.presidency.ucsb.edu/statistics/data/harry-s-truman-public-approval
Harry S Truman,1st term,02/09/1952,02/14/1952,22,64,14,44,18,5,,https://www.presidency.ucsb.edu/statistics/data/harry-s-truman-public-approval
Harry S Truman,1st term,01/20/1952,01/25/1952,25,62,13,41,17,7,,https://www.presidency.ucsb.edu/statistics/data/harry-s-truman-public-approval
Harry S Truman,1st term,01/06/1952,01/11/1952,23,67,10,42,20,5,,https://www.presidency.ucsb.edu/statistics/data/harry-s-truman-public-approval
Harry S Truman,1st term,11/11/1951,11/16/1951,23,61,16,42,18,6,,https://www.presidency.ucsb.edu/statistics/data/harry-s-truman-public-approval
Harry S Truman,1st term,10/14/1951,10/19/1951,29,55,16,48,25,7,,https://www.presidency.ucsb.edu/statistics/data/harry-s-truman-public-approval
Harry S Truman,1st term,09/21/1951,09/26/1951,32,54,14,51,28,11,,https://www.presidency.ucsb.edu/statistics/data/harry-s-truman-public-approval
Harry S Truman,1st term,08/03/1951,08/08/1951,31,57,12,48,27,11,,https://www.presidency.ucsb.edu/statistics/data/harry-s-truman-public-approval
Harry S Truman,1st term,07/08/1951,07/13/1951,29,54,17,43,25,10,,https://www.presidency.ucsb.edu/statistics/data/harry-s-truman-public-approval
Harry S Truman,1st term,06/16/1951,06/21/1951,25,59,16,41,20,8,,https://www.presidency.ucsb.edu/statistics/data/harry-s-truman-public-approval
Harry S Truman,1st term,05/19/1951,05/24/1951,24,63,13,40,22,7,,https://www.presidency.ucsb.edu/statistics/data/harry-s-truman-public-approval
Harry S Truman,1st term,04/16/1951,04/21/1951,24,54,22,35,19,9,,https://www.presidency.ucsb.edu/statistics/data/harry-s-truman-public-approval
Harry S Truman,1st term,03/26/1951,03/31/1951,28,57,15,41,24,11,,https://www.presidency.ucsb.edu/statistics/data/harry-s-truman-public-approval
Harry S Truman,1st term,03/04/1951,03/09/1951,27,59,14,41,22,12,,https://www.presidency.ucsb.edu/statistics/data/harry-s-truman-public-approval
Harry S Truman,1st term,02/04/1951,02/09/1951,26,60,14,41,17,13,,https://www.presidency.ucsb.edu/statistics/data/harry-s-truman-public-approval
Harry S Truman,1st term,01/01/1951,01/05/1951,36,49,15,46,23,15,,https://www.presidency.ucsb.edu/statistics/data/harry-s-truman-public-approval
Harry S Truman,1st term,12/03/1950,12/08/1950,33,53,14,51,29,16,,https://www.presidency.ucsb.edu/statistics/data/harry-s-truman-public-approval
Harry S Truman,1st term,10/22/1950,10/27/1950,39,46,15,60,36,17,,https://www.presidency.ucsb.edu/statistics/data/harry-s-truman-public-approval
Harry S Truman,1st term,10/20/1950,10/25/1950,41,46,13,60,43,13,,https://www.presidency.ucsb.edu/statistics/data/harry-s-truman-public-approval
Harry S Truman,1st term,10/08/1950,10/13/1950,43,36,21,54,48,18,,https://www.presidency.ucsb.edu/statistics/data/harry-s-truman-public-approval
Harry S Truman,1st term,10/01/1950,10/06/1950,35,50,15,52,29,14,,https://www.presidency.ucsb.edu/statistics/data/harry-s-truman-public-approval
Harry S Truman,1st term,09/17/1950,09/22/1950,35,47,18,55,26,14,,https://www.presidency.ucsb.edu/statistics/data/harry-s-truman-public-approval
Harry S Truman,1st term,08/20/1950,08/25/1950,43,32,25,56,35,20,,https://www.presidency.ucsb.edu/statistics/data/harry-s-truman-public-approval
Harry S Truman,1st term,07/30/1950,08/04/1950,39,45,16,59,33,19,,https://www.presidency.ucsb.edu/statistics/data/harry-s-truman-public-approval
Harry S Truman,1st term,07/09/1950,07/14/1950,46,40,14,66,37,26,,https://www.presidency.ucsb.edu/statistics/data/harry-s-truman-public-approval
Harry S Truman,1st term,06/04/1950,06/09/1950,37,47,16,55,27,17,,https://www.presidency.ucsb.edu/statistics/data/harry-s-truman-public-approval
Harry S Truman,1st term,05/04/1950,05/09/1950,41,38,21,56,33,19,,https://www.presidency.ucsb.edu/statistics/data/harry-s-truman-public-approval
Harry S Truman,1st term,02/26/1950,03/03/1950,37,44,19,54,37,11,,https://www.presidency.ucsb.edu/statistics/data/harry-s-truman-public-approval
Harry S Truman,1st term,01/08/1950,01/13/1950,45,40,15,65,37,22,,https://www.presidency.ucsb.edu/statistics/data/harry-s-truman-public-approval
Harry S Truman,1st term,09/28/1949,10/02/1949,50,35,15,71,46,26,,https://www.presidency.ucsb.edu/statistics/data/harry-s-truman-public-approval
Harry S Truman,1st term,09/25/1949,09/30/1949,51,31,18,71,46,26,,https://www.presidency.ucsb.edu/statistics/data/harry-s-truman-public-approval
Harry S Truman,1st term,09/03/1949,09/08/1949,45,38,17,70,46,26,,https://www.presidency.ucsb.edu/statistics/data/harry-s-truman-public-approval
Harry S Truman,1st term,06/11/1949,06/17/1949,57,27,16,70,47,25,,https://www.presidency.ucsb.edu/statistics/data/harry-s-truman-public-approval
Harry S Truman,1st term,05/02/1949,05/08/1949,51,32,17,69,47,25,,https://www.presidency.ucsb.edu/statistics/data/harry-s-truman-public-approval
Harry S Truman,1st term,03/06/1949,03/11/1949,57,24,19,75,48,32,,https://www.presidency.ucsb.edu/statistics/data/harry-s-truman-public-approval
Harry S Truman,1st term,01/07/1949,01/12/1949,69,17,14,75,48,32,,https://www.presidency.ucsb.edu/statistics/data/harry-s-truman-public-approval
Harry S Truman,1st term,06/18/1948,06/24/1948,40,44,16,75,48,32,,https://www.presidency.ucsb.edu/statistics/data/harry-s-truman-public-approval
Harry S Truman,1st term,05/28/1948,06/02/1948,39,47,14,75,48,32,,https://www.presidency.ucsb.edu/statistics/data/harry-s-truman-public-approval
Harry S Truman,1st term,04/09/1948,04/14/1948,36,50,14,50,31,26,,https://www.presidency.ucsb.edu/statistics/data/harry-s-truman-public-approval
Harry S Truman,1st term,01/02/1948,01/07/1948,53,32,15,70,49,35,,https://www.presidency.ucsb.edu/statistics/data/harry-s-truman-public-approval
Harry S Truman,1st term,11/28/1947,12/02/1947,54,33,13,72,52,34,,https://www.presidency.ucsb.edu/statistics/data/harry-s-truman-public-approval
Harry S Truman,1st term,09/12/1947,09/17/1947,55,29,16,68,49,43,,https://www.presidency.ucsb.edu/statistics/data/harry-s-truman-public-approval
Harry S Truman,1st term,07/04/1947,07/09/1947,61,28,11,76,58,43,,https://www.presidency.ucsb.edu/statistics/data/harry-s-truman-public-approval
Harry S Truman,1st term,06/20/1947,06/25/1947,55,31,14,69,51,41,,https://www.presidency.ucsb.edu/statistics/data/harry-s-truman-public-approval
Harry S Truman,1st term,05/23/1947,05/28/1947,65,24,11,76,56,57,,https://www.presidency.ucsb.edu/statistics/data/harry-s-truman-public-approval
Harry S Truman,1st term,04/25/1947,04/30/1947,57,25,18,68,51,50,,https://www.presidency.ucsb.edu/statistics/data/harry-s-truman-public-approval
Harry S Truman,1st term,03/28/1947,04/02/1947,63,21,16,66,48,47,,https://www.presidency.ucsb.edu/statistics/data/harry-s-truman-public-approval
Harry S Truman,1st term,03/14/1947,03/19/1947,60,23,17,62,44,42,,https://www.presidency.ucsb.edu/statistics/data/harry-s-truman-public-approval
Harry S Truman,1st term,01/17/1947,01/22/1947,48,39,13,61,42,41,,https://www.presidency.ucsb.edu/statistics/data/harry-s-truman-public-approval
Harry S Truman,1st term,12/13/1946,12/18/1946,35,47,18,56,35,32,,https://www.presidency.ucsb.edu/statistics/data/harry-s-truman-public-approval
Harry S Truman,1st term,11/15/1946,11/21/1946,34,53,13,51,27,23,,https://www.presidency.ucsb.edu/statistics/data/harry-s-truman-public-approval
Harry S Truman,1st term,09/13/1946,09/18/1946,33,52,15,28,28,21,,https://www.presidency.ucsb.edu/statistics/data/harry-s-truman-public-approval
Harry S Truman,1st term,06/14/1946,06/19/1946,43,45,12,61,36,31,,https://www.presidency.ucsb.edu/statistics/data/harry-s-truman-public-approval
Harry S Truman,1st term,06/01/1946,06/06/1946,45,42,13,,,,,https://www.presidency.ucsb.edu/statistics/data/harry-s-truman-public-approval
Harry S Truman,1st term,03/29/1946,04/03/1946,51,33,16,,,,,https://www.presidency.ucsb.edu/statistics/data/harry-s-truman-public-approval
Harry S Truman,1st term,02/28/1946,03/05/1946,49,38,13,,,,,https://www.presidency.ucsb.edu/statistics/data/harry-s-truman-public-approval
Harry S Truman,1st term,01/05/1946,01/10/1946,63,22,15,,,,,https://www.presidency.ucsb.edu/statistics/data/harry-s-truman-public-approval
Harry S Truman,1st term,11/02/1945,11/07/1945,75,14,11,,,,,https://www.presidency.ucsb.edu/statistics/data/harry-s-truman-public-approval
Harry S Truman,1st term,10/05/1945,10/10/1945,82,9,9,,,,,https://www.presidency.ucsb.edu/statistics/data/harry-s-truman-public-approval
Harry S Truman,1st term,06/01/1945,06/05/1945,87,3,10,,,,,https://www.presidency.ucsb.edu/statistics/data/harry-s-truman-public-approval
Franklin D. Roosevelt,1st term,12/15/1943,12/15/1943,65,23,10,,,,,https://www.presidency.ucsb.edu/statistics/data/franklin-d-roosevelt-public-approval
Franklin D. Roosevelt,1st term,03/24/1943,03/24/1943,71,19,8,,,,,https://www.presidency.ucsb.edu/statistics/data/franklin-d-roosevelt-public-approval
Franklin D. Roosevelt,1st term,01/27/1943,01/27/1943,75,16,7,,,,,https://www.presidency.ucsb.edu/statistics/data/franklin-d-roosevelt-public-approval
Franklin D. Roosevelt,1st term,01/07/1943,01/07/1943,75,14,9,,,,,https://www.presidency.ucsb.edu/statistics/data/franklin-d-roosevelt-public-approval
Franklin D. Roosevelt,1st term,11/17/1942,11/17/1942,72,18,8,,,,,https://www.presidency.ucsb.edu/statistics/data/franklin-d-roosevelt-public-approval
Franklin D. Roosevelt,1st term,09/03/1942,09/03/1942,74,18,6,,,,,https://www.presidency.ucsb.edu/statistics/data/franklin-d-roosevelt-public-approval
Franklin D. Roosevelt,1st term,08/13/1942,08/13/1942,74,16,8,,,,,https://www.presidency.ucsb.edu/statistics/data/franklin-d-roosevelt-public-approval
Franklin D. Roosevelt,1st term,07/01/1942,07/01/1942,79,12,8,,,,,https://www.presidency.ucsb.edu/statistics/data/franklin-d-roosevelt-public-approval
Franklin D. Roosevelt,1st term,06/09/1942,06/09/1942,77,15,6,,,,,https://www.presidency.ucsb.edu/statistics/data/franklin-d-roosevelt-public-approval
Franklin D. Roosevelt,1st term,03/12/1942,03/17/1942,75,14,9,,,,,https://www.presidency.ucsb.edu/statistics/data/franklin-d-roosevelt-public-approval
Franklin D. Roosevelt,1st term,03/12/1942,03/17/1942,74,15,9,,,,,https://www.presidency.ucsb.edu/statistics/data/franklin-d-roosevelt-public-approval
Franklin D. Roosevelt,1st term,02/23/1942,02/28/1942,78,13,7,,,,,https://www.presidency.ucsb.edu/statistics/data/franklin-d-roosevelt-public-approval
Franklin D. Roosevelt,1st term,01/23/1942,01/23/1942,83,10,5,,,,,https://www.presidency.ucsb.edu/statistics/data/franklin-d-roosevelt-public-approval
Franklin D. Roosevelt,1st term,09/17/1941,09/17/1941,70,24,5,,,,,https://www.presidency.ucsb.edu/statistics/data/franklin-d-roosevelt-public-approval
Franklin D. Roosevelt,1st term,09/09/1941,09/09/1941,70,23,6,,,,,https://www.presidency.ucsb.edu/statistics/data/franklin-d-roosevelt-public-approval
Franklin D. Roosevelt,1st term,08/26/1941,08/26/1941,67,24,7,,,,,https://www.presidency.ucsb.edu/statistics/data/franklin-d-roosevelt-public-approval
Franklin D. Roosevelt,1st term,08/19/1941,08/19/1941,65,26,7,,,,,https://www.presidency.ucsb.edu/statistics/data/franklin-d-roosevelt-public-approval
Franklin D. Roosevelt,1st term,08/05/1941,08/05/1941,68,23,7,,,,,https://www.presidency.ucsb.edu/statistics/data/franklin-d-roosevelt-public-approval
Franklin D. Roosevelt,1st term,07/29/1941,07/29/1941,65,25,8,,,,,https://www.presidency.ucsb.edu/statistics/data/franklin-d-roosevelt-public-approval
Franklin D. Roosevelt,1st term,07/22/1941,07/22/1941,69,24,6,,,,,https://www.presidency.ucsb.edu/statistics/data/franklin-d-roosevelt-public-approval
